sample_index,axis,baseline_distance,signal
0,4.177,1.4999999943931084,47306.83500000001
1,4.14,1.4999999950739251,47306.8605
2,4.125,1.499999993763976,47306.7985
3,4.078,1.500000001633251,47306.7565
4,4.051,1.4999999945204463,47306.7605
5,4.026,1.5000000010711436,47306.708
6,4.041,1.5000000030964875,47306.7475
7,3.974,1.50000000236728,47306.746
8,3.937,1.500000000402811,47306.669
9,3.952,1.4999999930920382,47306.562000000005
10,3.9,1.4999999972121882,47306.6145
11,3.823,1.4999999982809222,47306.607
12,3.817,1.500000002585762,47306.58
13,3.807,1.500000003239412,47306.533
15,3.72766666666667,1.500000001229261,47306.4435
16,3.74,1.4999999993014317,47306.4505
17,3.718,1.4999999934335506,47306.363
18,3.703,1.5000000031942844,47306.381
19,3.65,1.499999997091528,47306.3615
21,3.619,1.500000004869762,47306.484
22,3.592,1.4999999936773778,47306.397
23,3.552,1.5000000041546837,47306.465500000006
24,3.546,1.499999991631229,47306.469
25,3.53,1.5000000070061916,47306.294
26,3.456,1.4999999984971764,47306.263000000006
27,3.441,1.5000000022688793,47306.2185
29,3.364,1.5000000024543148,47306.14
30,3.358,1.5000000035985088,47306.0735
31,3.305,1.4999999946668978,47306.1305
32,3.268,1.4999999995508322,47306.0765
33,3.253,1.4999999968697764,47306.048
34,3.222,1.5000000003285756,47306.041
35,3.244,1.5000000001320373,47305.97
36,3.191,1.5000000064564338,47305.908
38,3.161,1.5000000033545853,47305.771
39,3.148,1.499999999935335,47305.78
40,3.108,1.4999999994249609,47305.7245
42,3.025,1.4999999983276353,47305.6105
43,2.982,1.4999999973521672,47305.6575
44,2.96,1.500000003678932,47305.638
45,2.914,1.500000004676218,47305.5345
46,2.905,1.4999999920766955,47305.471000000005
47,2.899,1.500000005704629,47305.502
48,2.837,1.4999999930017882,47305.4255
50,2.785,1.5000000026060858,47305.354
51,2.794,1.4999999981776408,47305.3635
52,2.779,1.5000000002509586,47305.316000000006
53,2.717,1.4999999926352576,47305.336500000005
54,2.711,1.499999996157742,47305.322
55,2.689,1.4999999981657997,47305.21
56,2.658,1.4999999936770718,47305.281
57,2.637,1.5000000011854269,47305.2915
58,2.591,1.5000000014589503,47305.1805
59,2.569,1.5000000038317722,47305.306
60,2.56,1.5000000035156418,47305.2985
61,2.545,1.499999995927462,47305.2975
62,2.523,1.500000006319467,47305.253
63,2.508,1.4999999994268851,47305.1575
64,2.461,1.4999999999947735,47305.2785
66,2.424,1.499999996247642,47305.3015
67,2.394,1.5000000043050743,47305.301
68,2.387,1.4999999980716787,47305.256
69,2.357,1.499999997549473,47305.1995
71,2.335,1.5000000024418854,47305.1815
72,2.314,1.5000000023750582,47305.1575
73,2.341,1.4999999983094718,47305.1545
74,2.35,1.4999999928602266,47305.1905
75,2.289,1.499999997743507,47305.1175
76,2.246,1.49999999933074,47305.093
77,2.206,1.5000000013575423,47305.1735
78,2.221,1.500000002708911,47305.0245
79,2.2,1.4999999991980473,47304.998
80,2.184,1.5000000023304034,47304.92
81,2.23,1.4999999978261007,47304.9145
83,2.163,1.50000000478478,47304.9005
84,2.138,1.499999996717171,47304.9405
86,2.126,1.5000000041873225,47304.7575
88,2.095,1.4999999990963373,47304.742
89,2.132,1.5000000008600156,47304.652
90,2.042,1.4999999973390252,47304.6005
91,2.033,1.5000000007637344,47304.574
92,2.058,1.5000000035970678,47304.551
93,2.018,1.4999999984130847,47304.5625
96,2.027,1.4999999939346804,47304.375
97,1.975,1.499999998628918,47304.394
99,2.01733333333333,1.4999999972274114,47304.45
100,1.965,1.499999995250954,47304.369000000006
101,1.959,1.500000005632394,47304.325
103,1.922,1.4999999962638473,47304.3055
104,1.935,1.500000001735684,47304.2065
105,1.929,1.4999999964555208,47304.3475
106,1.96216666666667,1.5000000015794348,47304.308
107,1.898,1.5000000000285614,47304.2945
108,1.94083333333333,1.4999999967159237,47304.2545
109,1.913,1.499999999531698,47304.2265
110,1.892,1.499999995754967,47304.215500000006
112,1.95494444444444,1.49999999993976,47304.132
113,1.87816666666667,1.4999999974435647,47304.0685
119,1.876,1.4999999969263742,47303.9135
120,1.882,1.499999999506863,47303.8505
122,1.87,1.499999997681087,47303.6475
123,1.861,1.5000000016382276,47303.4695
125,1.855,1.5000000070683823,47303.3545
130,1.839,1.4999999941678115,47303.0925
132,1.84366666666667,1.5000000050630489,47303.163
133,1.845,1.5000000000161655,47303.187
134,1.824,1.4999999983179184,47303.0895
137,1.787,1.4999999963285593,47303.25
138,1.815,1.5000000012961492,47303.2395
139,1.83,1.500000003499417,47303.2485
140,1.808,1.4999999983982537,47303.1595
142,1.802,1.4999999983395045,47303.0985
143,1.771,1.4999999992351287,47303.052
148,1.793,1.4999999999291418,47302.8595
151,1.778,1.500000001087092,47302.708
155,1.762,1.5000000027674398,47302.6845
158,1.789,1.5000000045251796,47302.638
161,1.77825,1.4999999990954664,47302.537
162,1.8085,1.500000003023633,47302.4225
163,1.80266666666667,1.5000000038420862,47302.4005
169,1.78455555555556,1.5000000061119392,47302.146
170,1.81138888888889,1.500000003283614,47302.0575
172,1.78525,1.499999997006958,47301.912500000006
175,1.78066666666667,1.4999999958069803,47301.856
176,1.80533333333333,1.4999999969893347,47301.715500000006
178,1.78340277777778,1.5000000043150312,47301.6995
179,1.81505555555556,1.5000000041319594,47301.615000000005
180,1.83075,1.5000000058292238,47301.5265
182,1.8225931712963,1.500000003483823,47301.4925
186,1.89110792824074,1.499999994052788,47301.314
187,1.82484567901235,1.500000007896971,47301.3775
188,1.8651746559928,1.4999999943300433,47301.3335
189,1.83482118859311,1.4999999938565796,47301.283
190,1.80822685185185,1.5000000016086343,47301.224
191,1.82766666666667,1.5000000016928146,47301.2435
192,1.88227199074074,1.4999999963809836,47301.2035
193,1.86183333333333,1.5000000003678016,47301.202000000005
194,1.8078125,1.5000000034593497,47301.1715
195,1.8545625,1.500000003815791,47301.0205
196,1.88379899691358,1.4999999940292057,47300.9885
198,1.86673755787037,1.499999992531455,47300.955
199,1.89241666666667,1.5000000008876986,47300.947
200,1.83079166666667,1.4999999989571449,47300.895
201,1.87069444444444,1.5000000063589984,47300.9
202,1.90597916666667,1.4999999989566826,47300.845
204,1.907,1.500000000372165,47300.8455
208,1.91061149691358,1.4999999957378307,47300.7335
211,1.91987037037037,1.5000000022001272,47300.727
212,1.87497222222222,1.5000000024662452,47300.6155
214,1.90375925925926,1.4999999951484195,47300.518500000006
215,1.90313194444444,1.499999994339252,47300.4095
218,1.888,1.4999999996787092,47300.333
221,1.98433333333333,1.5000000020260282,47300.2715
222,1.94616666666667,1.500000000499871,47300.115000000005
223,1.92233333333333,1.5000000029426528,47300.1335
224,1.94666666666667,1.4999999994201991,47299.8975
226,1.90694444444444,1.4999999999067253,47299.8195
230,1.97347222222222,1.4999999960251056,47299.7255
232,1.981,1.5000000079594338,47299.5325
235,1.95197222222222,1.49999999365061,47299.5325
237,1.92475,1.4999999991248922,47299.4495
238,1.97878009259259,1.4999999949399272,47299.413
239,1.9585,1.499999999353272,47299.465
240,1.98704552469136,1.500000000366006,47299.3505
241,1.95217592592593,1.5000000011657053,47299.248
242,1.98828819444444,1.4999999944876186,47299.3075
243,2.02322685185185,1.4999999947686982,47299.321500000005
245,1.97536805555556,1.4999999978306595,47299.2925
246,1.99480671296296,1.4999999946606308,47299.2625
247,2.01725,1.5000000011795631,47299.2665
248,2.03811284722222,1.4999999962675532,47299.197
249,2.02941666666667,1.4999999963647983,47299.3065
250,2.03583333333333,1.499999995699193,47299.225000000006
251,2.00475,1.499999995990522,47299.3015
252,2.082125,1.5000000054498417,47299.278000000006
253,2.08967361111111,1.50000000131574,47299.3465
254,2.06397916666667,1.499999994496496,47299.281
255,2.029,1.49999999334057,47299.323
257,2.06815972222222,1.500000004255976,47299.4005
259,2.09204166666667,1.5000000078854911,47299.128
260,2.07465277777778,1.5000000025147973,47299.216
261,2.092,1.500000000707556,47299.18
262,2.116,1.4999999982025856,47299.1475
263,2.133,1.5000000087925207,47299.034
267,2.147,1.5000000034272991,47299.1085
270,2.12533333333333,1.5000000016029025,47299.004
275,2.153,1.499999996474379,47298.773
290,2.169,1.499999998765526,47298.4125
300,2.19,1.5000000002313107,47298.3
301,2.215,1.5000000036005008,47298.2695
304,2.252,1.500000005255829,47298.296
305,2.258,1.5000000077466338,47298.3675
307,2.21383333333333,1.500000003130331,47298.3725
310,2.237,1.4999999945646771,47298.366
313,2.267,1.500000007783331,47298.2135
314,2.283,1.4999999957555206,47298.238
317,2.304,1.4999999967022604,47298.196
320,2.298,1.4999999978732073,47298.085
321,2.32,1.499999993544841,47298.0975
326,2.326,1.5000000049117186,47298.086500000005
327,2.378,1.499999999873362,47298.116
330,2.366,1.5000000037875976,47298.031
331,2.372,1.5000000022329436,47297.976
332,2.449,1.499999999444818,47297.9905
333,2.381,1.5000000016614077,47297.974
336,2.44,1.500000004183416,47297.709
338,2.471,1.4999999986589545,47297.589
342,2.514,1.499999992467026,47297.343
343,2.501,1.4999999926392809,47297.406
347,2.575,1.4999999997755455,47297.448
351,2.597,1.499999994908117,47297.346000000005
353,2.606,1.5000000027750562,47297.384
355,2.674,1.4999999933666504,47297.3245
356,2.643,1.4999999976097953,47297.408500000005
357,2.665,1.4999999920602376,47297.4365
359,2.705,1.5000000068217696,47297.2955
362,2.732,1.50000000321612,47297.323
365,2.695,1.5000000016598267,47297.395
369,2.769,1.4999999963673405,47297.37
370,2.748,1.500000004131444,47297.2585
371,2.7785,1.5000000054629978,47297.195
372,2.742,1.4999999986009604,47297.2655
374,2.763,1.5000000024954012,47297.175
378,2.831,1.4999999993309343,47296.9895
382,2.809,1.499999998233873,47296.875
384,2.816,1.5000000039985175,47296.864
385,2.893,1.5000000036693444,47296.7725
387,2.846,1.500000002334808,47296.86
388,2.877,1.4999999988721786,47296.9255
389,2.883,1.5000000003783176,47296.9595
390,2.868,1.500000002017729,47296.917
396,2.93,1.500000006103392,47297.481
397,2.92,1.5000000032349583,47297.5935
399,2.945,1.4999999924326586,47297.921
401,2.973,1.500000002918926,47298.2355
402,2.951,1.5000000039184005,47298.4965
407,3.05,1.499999994229476,47299.39750000001
408,3.003,1.50000000255891,47299.4715
410,2.997,1.5000000014508947,47299.681
411,3.056,1.500000006134958,47299.804
415,3.071,1.5000000042365458,47299.942500000005
416,3.08,1.5000000057810488,47299.829
417,3.102,1.50000000114877,47299.86
418,3.124,1.5000000000590787,47299.767
419,3.117,1.5000000046748505,47299.732
422,3.139,1.4999999949445666,47299.463
423,3.176,1.5000000002811444,47299.452000000005
425,3.18816666666667,1.4999999970787692,47299.3475
426,3.2015,1.4999999978694083,47299.268
428,3.216,1.5000000018897182,47299.0315
430,3.274,1.49999999713519,47298.8075
431,3.238,1.4999999994039348,47298.681500000006
433,3.281,1.49999999847754,47298.5355
435,3.296,1.49999999891408,47298.3205
436,3.311,1.50000000107624,47298.177
438,3.327,1.499999991655436,47298.1165
441,3.348,1.499999992150764,47297.8305
442,3.336,1.4999999986500292,47297.888
445,3.379,1.4999999944792823,47297.7805
446,3.373,1.5000000023838995,47297.7495
449,3.404,1.4999999988212669,47297.6175
450,3.432,1.5000000031865028,47297.5835
452,3.416,1.500000008242832,47297.595
453,3.472,1.500000000085114,47297.496
454,3.462,1.500000000048999,47297.5305
457,3.478,1.4999999939628423,47297.458
458,3.484,1.4999999997331035,47297.4185
460,3.509,1.4999999913038804,47297.355
462,3.524,1.4999999972448217,47297.3365
463,3.567,1.499999994397197,47297.2945
468,3.613,1.5000000022986268,47297.2075
469,3.561,1.500000006684174,47297.2925
470,3.598,1.5000000052068196,47297.281
472,3.604,1.4999999939003452,47297.1985
474,3.629,1.5000000018254924,47297.1225
476,3.644,1.5000000069870258,47297.214
477,3.659,1.4999999975273477,47297.2815
478,3.681,1.4999999995545077,47297.1875
479,3.6505,1.5000000001087217,47297.197
481,3.733,1.5000000010712458,47297.092
482,3.696,1.4999999988296129,47297.2225
484,3.712,1.5000000051912097,47297.1525
486,3.755,1.499999999318776,47297.0745
488,3.72283333333333,1.500000001298765,47297.1045
490,3.7445,1.5000000041317394,47297.011
493,3.77,1.4999999987161392,47297.0355
494,3.795,1.5000000058872418,47296.9245
497,3.78,1.500000005473184,47296.974
498,3.749,1.500000005468324,47296.9585
501,3.801,1.5000000020465711,47296.971
504,3.764,1.4999999996442095,47296.988
507,3.786,1.5000000091955774,47296.9385
513,3.838,1.4999999968969977,47297.1415
514,3.869,1.4999999946328908,47297.1035
517,3.832,1.4999999984179015,47297.107
524,3.82833333333333,1.499999997910343,47296.9205
526,3.847,1.499999994852978,47297.006
529,3.86,1.500000004304855,47296.9835
530,3.854,1.500000000715231,47297.106
531,3.875,1.500000002090302,47297.096
532,3.88166666666667,1.4999999916555915,47297.0955
533,3.89,1.5000000070799473,47296.959
534,3.884,1.4999999985368524,47297.0335
536,3.915,1.499999994825241,47296.997
538,3.921,1.4999999993361652,47296.984
540,3.906,1.5000000001744247,47297.0045
542,3.958,1.4999999961692938,47297.034
543,3.943,1.4999999986942945,47296.969
545,3.927,1.4999999938083193,47297.0255
549,3.983,1.500000007097851,47297.02250000001
550,3.989,1.4999999949819345,47297.0365
552,4.011,1.4999999974441969,47296.9705
553,3.995,1.4999999958897434,47296.946
554,4.004,1.4999999983107537,47296.9535
556,4.02,1.4999999998256035,47297.0255
557,4.035,1.499999998341391,47296.9645
558,4.094,1.4999999983665664,47297.044
563,4.103,1.4999999977497795,47297.04
564,4.072,1.4999999977637195,47297.096
566,4.057,1.4999999977587826,47297.024
571,4.088,1.5000000031223573,47297.1945
583,4.109,1.500000004413974,47297.035
584,4.115,1.499999997280869,47296.932
587,4.10933333333333,1.4999999963204915,47296.8685
590,4.131,1.4999999920065603,47296.8105
595,4.155,1.5000000059032397,47296.783
596,4.146,1.500000002007803,47296.7485
597,4.171,1.499999999398291,47296.779
599,4.162,1.4999999967413238,47296.683000000005
604,4.183,1.5000000010345806,47296.717
606,4.208,1.50000000504598,47296.775
609,4.175,1.5000000014351031,47296.758
610,4.192,1.4999999953541023,47296.824
611,4.198,1.4999999976986864,47296.799
617,4.245,1.5000000003944325,47296.933
618,4.214,1.5000000028061755,47296.95849999999
622,4.229,1.4999999949431568,47297.085
624,4.223,1.4999999950351472,47297.1295
627,4.266,1.5000000038957977,47297.149
628,4.251,1.5000000041896124,47297.028
630,4.26,1.5000000005635352,47297.0855
632,4.275,1.4999999998251616,47297.2005
633,4.297,1.4999999981008874,47297.2495
634,4.291,1.499999998653695,47297.081
635,4.334,1.4999999965208817,47297.172000000006
637,4.306,1.5000000015188837,47297.127
638,4.282,1.4999999948565244,47297.120500000005
639,4.349,1.499999995734676,47297.131
641,4.319,1.4999999935448167,47297.194
642,4.328,1.4999999932698151,47297.2
645,4.374,1.500000006429015,47297.2025
646,4.343,1.4999999996306446,47297.207
648,4.411,1.4999999997793771,47297.231
649,4.359,1.5000000026980762,47297.211
652,4.38,1.4999999945617553,47297.2795
653,4.386,1.4999999988062602,47297.136
654,4.426,1.5000000018198338,47297.26
656,4.433,1.5000000007186336,47297.321
658,4.417,1.499999997264864,47297.200500000006
659,4.463,1.4999999980493748,47297.2705
660,4.448,1.4999999948013891,47297.1335
662,4.439,1.4999999997379403,47297.113
666,4.485,1.4999999986650836,47297.1835
667,4.479,1.500000002727015,47297.1795
668,4.531,1.5000000036790526,47297.153
670,4.562,1.4999999972321094,47297.222
671,4.494,1.5000000068184751,47297.045
672,4.537,1.5000000027410418,47297.134
673,4.506,1.5000000019537307,47297.0195
675,4.553,1.5000000038163344,47297.011
676,4.522,1.4999999919153033,47297.0465
677,4.547,1.49999999974742,47297.078
678,4.574,1.500000003503739,47297.0745
685,4.583,1.4999999973752078,47297.1845
687,4.614,1.499999998524003,47297.2695
692,4.568,1.5000000008954468,47297.3795
696,4.599,1.4999999974049365,47297.3475
697,4.605,1.500000002579689,47297.476
700,4.63,1.500000003599288,47297.4685
702,4.657,1.4999999962307202,47297.4285
703,4.642,1.5000000019442947,47297.517
705,4.636,1.5000000041840484,47297.4885
707,4.69025,1.4999999983978003,47297.422
709,4.682,1.500000001988312,47297.495500000005
711,4.651,1.4999999999078215,47297.55
712,4.704,1.5000000011950332,47297.4925
714,4.667,1.5000000039887371,47297.5555
716,4.673,1.4999999943318236,47297.6535
717,4.688,1.5000000004227332,47297.623
721,4.694,1.4999999995786175,47297.589
724,4.734,1.4999999947572695,47297.5825
725,4.719,1.499999994454274,47297.6125
726,4.7255,1.5000000029669334,47297.59
727,4.741,1.5000000092757844,47297.6155
728,4.778,1.5000000050952491,47297.4875
729,4.75,1.4999999963464363,47297.4995
730,4.756,1.500000000622878,47297.5485
732,4.771,1.4999999958364068,47297.50750000001
736,4.787,1.4999999970035032,47297.3845
737,4.762,1.4999999913517137,47297.458
739,4.802,1.4999999939475386,47297.3185
743,4.818,1.5000000006904166,47297.3305
747,4.725,1.5000000063477978,47297.4215
753,4.71,1.4999999981988632,47297.48
764,4.71166666666667,1.5000000017932693,47297.958
794,4.808,1.4999999982204173,47297.96
796,4.793,1.49999999786993,47297.9915
803,4.839,1.4999999961509287,47297.855500000005
806,4.824,1.499999996037971,47297.977
809,4.83,1.5000000051014692,47297.9715
810,4.876,1.4999999962349857,47297.984
812,4.855,1.50000000044353,47297.973
813,4.845,1.50000000020883,47298.128500000006
816,4.861,1.499999995956996,47298.117
818,4.891,1.5000000022698117,47298.204
819,4.922,1.5000000006560277,47298.185
820,4.87,1.4999999974696174,47298.119
823,4.885,1.499999997800141,47298.2255
826,4.898,1.4999999974206135,47298.302
829,4.928,1.4999999966738935,47298.309
830,4.938,1.5000000034857222,47298.3225
831,4.913,1.500000000046826,47298.3085
838,4.907,1.4999999938331612,47298.3245
879,4.86783333333333,1.5000000007229544,47298.2665
881,4.944,1.5000000065647476,47298.3255
947,4.71866666666667,1.499999999192169,47298.337
957,4.62,1.5000000002903744,47298.6735
965,4.59,1.4999999977852398,47298.7515
973,4.516,1.499999996534095,47298.6845
989,4.48183333333333,1.500000003794444,47298.678
1003,4.454,1.5000000006755023,47299.01
1040,4.402,1.500000002387912,47299.287
1045,4.396,1.4999999999172802,47299.2665
1066,4.18066666666667,1.5000000000283995,47299.451
1079,4.063,1.5000000031781664,47299.726
1094,4.037,1.500000004335208,47299.721000000005
1110,3.99966666666667,1.4999999981502217,47299.8475
1139,4.0015,1.5000000008708494,47300.487
1185,3.967,1.4999999921471268,47301.139500000005
1229,3.80508333333333,1.4999999980120349,47301.9145
1230,3.79089583333333,1.4999999949183656,47301.847
1231,3.81191666666667,1.4999999954265364,47301.8605
1292,3.687,1.5000000014007249,47301.9935
1297,3.666,1.5000000051894875,47302.015
1303,3.635,1.499999998023173,47302.03200000001
1317,3.672,1.5000000033960068,47302.0655
1358,3.628,1.499999998776019,47302.5085
1367,3.582,1.5000000047066542,47302.6915
1379,3.539,1.500000004430174,47302.879
1386,3.493,1.5000000014903945,47303.086
1388,3.499,1.4999999967323332,47303.086
1394,3.425,1.49999999889221,47303.2195
1400,3.41,1.5000000017969768,47303.352
1418,3.395,1.4999999984845462,47303.572
1421,3.388,1.4999999998954483,47303.6525
1428,3.4105,1.4999999974535827,47303.761
1431,3.342,1.5000000035590182,47303.839
1432,3.38375,1.499999999946766,47303.8645
1446,3.321,1.5000000046037465,47304.17
1466,3.326,1.5000000028637352,47304.109500000006
1481,3.29,1.5000000004343264,47303.6555
1486,3.245,1.4999999938799051,47303.524
1490,3.228,1.499999997783935,47303.511
1492,3.201,1.5000000067321806,47303.55
1496,3.207,1.4999999984818853,47303.6135
1499,3.185,1.500000004613135,47303.679
1503,3.17,1.4999999997357896,47303.730500000005
1514,3.154,1.5000000008349037,47303.9355
1518,3.133,1.5000000020068522,47303.992
1544,3.17816666666667,1.4999999953992242,47304.9315
1559,3.065,1.499999991381035,47305.218
1566,3.034,1.5000000066740526,47305.354
1568,3.019,1.500000003544115,47305.427500000005
1569,3.04,1.5000000011250068,47305.555
1572,3.013,1.500000005900423,47305.6185
1575,2.966,1.499999995280358,47305.624
1584,2.936,1.499999997060663,47305.8205
1622,2.853,1.4999999947723952,47306.2455
1634,2.862,1.5000000048129218,47306.4635
1646,2.825,1.5000000037350625,47306.3915
1652,2.81783333333333,1.5000000083925686,47306.216
1661,2.757,1.49999999933253,47306.299
1673,2.726,1.5000000059004894,47306.5705
1704,2.68,1.4999999915914817,47306.72
1718,2.649,1.500000001836365,47307.0235
1719,2.628,1.500000005471452,47307.1785
1722,2.612,1.4999999987409955,47307.162
1726,2.622,1.50000000342415,47307.2135
1730,2.581,1.4999999946113034,47307.312
1739,2.538,1.49999999985918,47307.441
1742,2.5065,1.4999999954887793,47307.293000000005
1745,2.492,1.499999996208203,47307.3865
1747,2.486,1.500000005025002,47307.352
1748,2.455,1.4999999958821677,47307.4515
1750,2.477,1.4999999967885334,47307.447
1755,2.434,1.5000000004802196,47307.6275
1776,2.529,1.4999999985147934,47307.7895
1798,2.554,1.499999995708517,47308.202
1815,2.44672222222222,1.499999998053651,47308.475000000006
1818,2.46816666666667,1.4999999943877542,47308.366
1820,2.46108333333333,1.5000000028224,47308.318
1822,2.44775,1.5000000017317487,47308.408500000005
1825,2.418,1.5000000000053473,47308.346
1826,2.409,1.500000000193335,47308.3605
1834,2.403,1.5000000015879096,47308.354
1849,2.385,1.5000000069847177,47308.6565
1933,2.40266666666667,1.500000002200813,47309.0625
1967,2.2765,1.5000000005864127,47306.283500000005
1971,2.30983333333333,1.500000002990881,47306.6335
1973,2.317,1.4999999973763698,47306.888000000006
1977,2.273,1.50000000674878,47307.5745
1999,2.178,1.4999999981509966,47309.7275
2041,2.28616666666667,1.4999999990499109,47310.2025
2063,2.17966666666667,1.4999999917004951,47310.295
2066,2.11,1.5000000011204728,47310.2685
2067,2.086,1.5000000023464215,47310.3405
2068,2.064,1.499999996086961,47310.2675
2070,2.101,1.50000000092045,47310.3455
2073,2.002,1.4999999978376153,47310.4145
2076,1.99,1.500000004721071,47310.321500000005
2078,1.996,1.5000000021213518,47310.43
2083,1.95,1.4999999990429698,47310.454
2092,1.944,1.4999999915038784,47310.6245
2102,1.92066666666667,1.5000000050603146,47311.088
2112,2.02483333333333,1.500000003082954,47311.177500000005
2115,2.049,1.5000000017551272,47311.2345
2123,2.02416666666667,1.5000000026623366,47311.347
2125,2.012,1.5000000004351233,47311.3915
2159,1.97816666666667,1.499999999361235,47311.443
2160,2.07,1.499999998869243,47311.4335
2162,1.98533333333333,1.500000009744328,47311.5255
2200,1.90333333333333,1.5000000031531486,47311.774
2201,1.94775,1.4999999960966528,47311.7255
2221,1.86716666666667,1.499999998632702,47311.78
2238,1.95216666666667,1.5000000046716278,47312.071500000005
2257,2.079,1.5000000060513905,47312.293000000005
2259,2.037,1.4999999995576638,47312.2655
2278,2.06216666666667,1.5000000035359766,47312.4565
2291,1.97183333333333,1.4999999949430198,47312.565
2315,1.89275,1.4999999990953876,47313.262
2319,1.91375,1.4999999982688366,47313.4475
2333,1.94025,1.5000000029208265,47313.4075
2335,1.872,1.5000000069291497,47313.3525
2350,1.91525,1.499999999637045,47313.9065
2354,1.9955,1.4999999976165486,47314.01
2355,1.95375,1.5000000036035483,47313.980500000005
2356,2.02238194444444,1.499999997788392,47314.032
2357,1.96383333333333,1.500000003456076,47314.1365
2360,2.02116666666667,1.499999997399588,47314.096000000005
2364,1.983375,1.4999999969577291,47314.1745
2370,2.00675,1.500000005125764,47314.243
2374,2.02075,1.5000000016801358,47314.166
2376,1.98360416666667,1.4999999981072527,47314.136
2385,1.95233333333333,1.5000000066127006,47314.145
2386,1.9925,1.5000000024957645,47314.1785
2421,1.89783333333333,1.5000000053407423,47315.035
2453,1.93633333333333,1.499999998996849,47315.9365
2456,2.02366666666667,1.5000000055337457,47316.114
2458,1.97066666666667,1.4999999939956437,47316.159
2459,1.95238888888889,1.499999999564932,47316.1195
2460,1.98684722222222,1.5000000011772563,47316.02
2461,1.97175,1.4999999953925616,47316.0395
2463,1.989375,1.500000003268796,47316.086
2464,1.94355555555556,1.499999996163148,47316.068
2466,1.99388888888889,1.5000000016494943,47316.1165
2467,1.97425,1.4999999983328245,47316.09
2471,1.972,1.4999999998079945,47316.221
2477,1.978,1.4999999949186908,47316.262
2506,1.91766666666667,1.5000000011985828,47316.835
2507,1.93566666666667,1.4999999942769937,47316.9015
2540,1.901,1.499999999604561,47317.982
2554,1.8975,1.5000000079863145,47318.318
2555,1.90983333333333,1.4999999997528313,47318.373
2556,1.94683333333333,1.4999999988820594,47318.3685
2562,1.94533333333333,1.5000000003180385,47318.3035
2594,2.07416666666667,1.5000000014544563,47319.147
2598,2.073,1.499999997371412,47319.3155
2657,2.0935,1.499999999490775,47320.6255
2658,2.1045,1.5000000032312293,47320.673
2706,2.33027777777778,1.4999999998433609,47321.4625
2708,2.35966666666667,1.500000001983171,47321.498
2736,2.27683333333333,1.499999999005013,47322.2375
2791,2.33533333333333,1.5000000007858303,47323.1505
2812,2.32166666666667,1.5000000019830264,47323.293000000005
2813,2.33711111111111,1.4999999971052398,47323.321500000005
2837,2.34466666666667,1.5000000030587322,47323.66
3093,2.7815,1.500000000005571,47326.223
3098,2.8,1.499999993307225,47326.3575
3117,2.8355,1.5000000087634116,47326.9745
3168,2.967,1.4999999954665453,47327.5245
3169,2.97433333333333,1.4999999972351077,47327.5065
3170,2.976,1.5000000045239397,47327.46
3186,3.06733333333333,1.499999999434965,47327.4405
3188,3.093,1.50000000366184,47327.459
3191,3.087,1.4999999925670826,47327.58
3241,3.259,1.5000000041615782,47327.4835
3242,3.25483333333333,1.500000000505136,47327.4875
3284,3.515,1.4999999966028164,47327.268
3290,3.576,1.50000000626414,47327.34
3365,3.727,1.499999996471506,47328.0375
3371,3.7165,1.5000000049023507,47328.054
3405,3.80983333333333,1.499999997282789,47328.568
3413,3.80483333333333,1.4999999994236597,47328.6685
3423,3.885,1.499999992019142,47328.6105
3439,3.97,1.4999999974929012,47328.879
3470,4.11766666666667,1.5000000016376098,47345.4025
3531,3.97625,1.4999999997791749,47329.1485
3534,4.0425,1.5000000027334683,47329.01700000001
3537,4.05325,1.5000000072660096,47328.9585
3543,4.08333333333333,1.4999999973042726,47328.925
3562,4.239,1.5000000014872883,47328.632
3637,4.312,1.5000000050469675,47328.271
3673,4.41666666666667,1.4999999982846943,47327.5645
3681,4.47,1.5000000033681846,47327.479
3705,4.6195,1.500000003413078,47327.3
3708,4.66433333333333,1.500000000633282,47327.2565
3739,4.69283333333333,1.4999999980036398,47326.8905
3749,4.78366666666667,1.5000000014037431,47326.729
3766,4.959,1.500000005209486,47326.109
3767,4.965,1.4999999984501784,47326.0915
3768,4.996,1.4999999975013123,47326.062
3769,4.95,1.500000005689058,47326.0295
3770,4.975,1.4999999920221343,47325.97
3771,4.981,1.5000000030797185,47325.916
3772,5.049,1.499999995405345,47325.974
3773,5.012,1.4999999969841715,47325.9525
3774,5.018,1.5000000037344756,47325.885
3775,5.005,1.5000000036076857,47325.8965
3778,5.042,1.499999997777533,47325.897
3779,5.073,1.4999999980170962,47325.791
3780,5.033,1.499999995360228,47325.8715
3783,5.11,1.499999996002767,47325.8655
3784,5.086,1.49999999845753,47325.83
3785,5.116,1.5000000048017246,47325.811
3786,5.169,1.4999999954477483,47325.806
3787,5.132,1.5000000008611905,47325.7295
3790,5.153,1.500000003008903,47325.7365
3791,5.12033333333333,1.4999999942465163,47325.708
3792,5.163,1.5000000031088134,47325.6275
3793,5.193,1.4999999951735312,47325.6745
3795,5.178,1.4999999988365358,47325.572
3796,5.206,1.500000005740448,47325.578
3797,5.199,1.499999999379807,47325.5795
3799,5.215,1.499999999013219,47325.686
3802,5.221,1.4999999947478586,47325.6795
3804,5.261,1.500000004711012,47325.585
3805,5.252,1.4999999953319072,47325.671
3806,5.267,1.5000000028297318,47325.696
3808,5.236,1.499999998137439,47325.602
3809,5.289,1.500000003103436,47325.6075
3810,5.273,1.4999999972311089,47325.5885
3817,5.283,1.4999999987471777,47325.5265
3819,5.313,1.499999993325959,47325.4345
3820,5.304,1.4999999990509516,47325.479
3821,5.329,1.5000000013676398,47325.5345
3823,5.35,1.500000001136779,47325.426
3825,5.335,1.4999999996292075,47325.370500000005
3828,5.3325,1.5000000030935543,47325.342
3830,5.366,1.5000000024230993,47325.271
3834,5.372,1.4999999995704425,47325.0145
3835,5.381,1.4999999969674378,47325.029
3836,5.387,1.500000001863413,47325.0035
3837,5.409,1.499999996620028,47324.96
3838,5.418,1.500000004395626,47325.068
3839,5.424,1.499999993455294,47324.985
3840,5.434,1.499999995032596,47325.0745
3841,5.471,1.500000001939701,47325.004
3843,5.464,1.4999999933760402,47324.9805
3844,5.477,1.5000000048769382,47324.983
3845,5.517,1.5000000044484745,47325.0375
3846,5.501,1.4999999982569032,47325.027
3847,5.544,1.4999999910240422,47325.04
3849,5.56,1.5000000011581534,47324.997
3850,5.584,1.5000000020427091,47324.944
3851,5.612,1.500000005976636,47324.90700000001
3853,5.621,1.4999999971529565,47325.0005
3854,5.652,1.4999999962287494,47324.914
3855,5.637,1.499999995061268,47325.0275
3856,5.643,1.4999999933745145,47324.9015
3857,5.674,1.5000000028745542,47324.8715
3858,5.705,1.4999999977296852,47324.9665
3860,5.695,1.4999999910407908,47324.833
3864,5.711,1.5000000044354953,47324.83
3865,5.732,1.50000000201003,47324.836500000005
3866,5.763,1.4999999990345452,47324.758
3867,5.815,1.4999999996046494,47324.698
3868,5.757,1.5000000046322095,47324.722
3870,5.779,1.499999998716316,47324.727
3871,5.785,1.5000000011030863,47324.620500000005
3872,5.831,1.5000000008805237,47324.6215
3873,5.84,1.5000000038297825,47324.698
3874,5.862,1.4999999963712674,47324.621
3875,5.846,1.4999999986772286,47324.731
3877,5.892,1.500000002869805,47324.661
3878,5.852,1.4999999975866536,47324.5455
3881,5.899,1.4999999999493785,47324.5115
3882,5.945,1.5000000039383872,47324.49
3883,5.92,1.4999999931064665,47324.519
3884,5.914,1.4999999940856183,47324.579
3888,5.936,1.50000000302374,47324.4825
3889,5.982,1.499999998713273,47324.383
3890,6.04,1.4999999989981407,47324.4705
3891,5.988,1.500000007246758,47324.4495
3892,5.997,1.5000000031771097,47324.4665
3893,6.013,1.4999999931332952,47324.3885
3894,6.056,1.5000000026448432,47324.3845
3896,6.102,1.4999999928098366,47324.341
3897,6.096,1.5000000061370822,47324.2235
3899,6.164,1.4999999952339882,47324.199
3900,6.176,1.500000000521733,47324.2475
3901,6.139,1.4999999983880985,47324.211
3902,6.154,1.5000000045170452,47324.2365
3903,6.17,1.4999999998261722,47324.102
3905,6.2,1.4999999956212269,47324.0185
3906,6.26275,1.4999999960258006,47324.0645
3907,6.29,1.5000000026354432,47324.059
3908,6.311,1.4999999983340349,47324.086
3909,6.305,1.499999999347916,47323.9545
3910,6.327,1.5000000051568825,47323.9785
3911,6.336,1.500000000328416,47323.957
3912,6.431,1.4999999964807766,47323.87300000001
3913,6.425,1.499999997390954,47323.9105
3915,6.441,1.4999999958983845,47323.848
3916,6.483,1.499999991628472,47323.81
3917,6.462,1.500000001707434,47323.8015
3918,6.493,1.5000000068249706,47323.905
3919,6.545,1.5000000047108235,47323.819
3920,6.50777777777778,1.500000003003332,47323.915
3921,6.561,1.4999999935165564,47323.849
3922,6.576,1.4999999938144593,47323.827000000005
3923,6.56316666666667,1.5000000047194693,47323.82
3924,6.644,1.5000000066653576,47323.8055
3925,6.659,1.50000000722924,47323.7275
3926,6.629,1.4999999957630024,47323.7615
3929,6.65,1.500000004611897,47323.7635
3930,6.675,1.500000000812077,47323.6575
3931,6.696,1.5000000028732516,47323.766
3932,6.666,1.4999999998832076,47323.721000000005
3933,6.703,1.5000000003167784,47323.6715
3935,6.733,1.4999999961124468,47323.834
3938,6.687,1.5000000005214134,47323.8075
3939,6.749,1.500000000596058,47323.726
3941,6.764,1.5000000025882156,47323.8185
3943,6.712,1.500000000305138,47323.845
3944,6.718,1.500000006955591,47323.8475
3946,6.727,1.4999999933422092,47323.8625
3948,6.755,1.4999999980273604,47323.806500000006
3952,6.78,1.4999999988511494,47323.908500000005
3954,6.786,1.499999997207382,47323.836500000005
3956,6.81,1.499999996264492,47323.8165
3959,6.832,1.4999999947463434,47323.6845
3960,6.816,1.4999999981782175,47323.64
3961,6.795,1.4999999979714054,47323.577000000005
3965,6.801,1.5000000011174766,47323.5825
3966,6.77,1.4999999968613436,47323.554
3978,6.863,1.4999999978672287,47323.3125
3979,6.853,1.4999999951759386,47323.4035
3982,6.906,1.4999999931981944,47323.363
3983,6.869,1.5000000076490263,47323.33
3984,6.875,1.4999999996470024,47323.399000000005
3986,6.89,1.5000000016540045,47323.386
3987,6.9,1.5000000080615763,47323.5345
3988,6.915,1.5000000055935865,47323.4675
3989,6.93,1.5000000026350797,47323.459
3990,6.943,1.500000002772608,47323.341
3991,6.952,1.50000000189172,47323.4395
3993,6.983,1.4999999982765584,47323.517
3994,6.967,1.5000000077293465,47323.3985
3995,7.026,1.4999999979442211,47323.372
3999,7.041,1.4999999957327488,47323.2825
4000,7.109,1.5000000051732896,47323.286
4001,7.072,1.4999999999670954,47323.217
4003,7.094,1.500000001215959,47323.1595
4004,7.088,1.499999994220351,47323.2145
4005,7.14,1.500000006223609,47323.2005
4008,7.155,1.4999999931984165,47323.087
4009,7.146,1.500000007315949,47323.071
4010,7.131,1.5000000004431937,47323.023
4011,7.103,1.4999999999919018,47323.0285
4012,7.118,1.499999996985451,47323.012
4014,7.124,1.499999991864854,47322.98299999999
4017,7.186,1.4999999941820248,47323.0735
4018,7.171,1.4999999995707218,47323.0425
4020,7.161,1.4999999923916802,47323.053
4022,7.177,1.4999999995046671,47323.1345
4023,7.192,1.5000000020755733,47323.133
4024,7.223,1.500000003782261,47323.097
4025,7.229,1.499999998221384,47323.1905
4026,7.238,1.499999997449021,47323.193
4027,7.245,1.50000000443319,47323.235
4028,7.198,1.5000000015311572,47323.2395
4030,7.266,1.499999999130592,47323.234500000006
4031,7.254,1.500000002582702,47323.1025
4034,7.26,1.499999991803802,47323.1805
4037,7.275,1.4999999989801918,47323.067
4038,7.312,1.5000000061079757,47322.9975
4039,7.349,1.5000000008996082,47322.9855
4040,7.297,1.5000000025922622,47322.934
4041,7.365,1.4999999936344934,47322.8965
4042,7.334,1.4999999922406546,47322.911
4043,7.374,1.499999997816044,47322.798
4046,7.343,1.4999999990200148,47322.828
4047,7.359,1.4999999996627995,47322.7835
4048,7.35961111111111,1.499999995103649,47322.647
4049,7.426,1.5000000007355778,47322.8065
4050,7.38366666666667,1.5000000029054217,47322.6275
4051,7.396,1.4999999951873322,47322.755
4053,7.38,1.500000004842701,47322.6545
4054,7.39016666666667,1.5000000008256698,47322.726
4056,7.411,1.5000000036453376,47322.641
4057,7.389,1.4999999980044407,47322.677500000005
4059,7.432,1.4999999908739794,47322.7155
4060,7.479,1.5000000058560068,47322.7405
4061,7.417,1.499999991795586,47322.777
4065,7.448,1.500000000159633,47322.862
4066,7.463,1.4999999932782482,47322.834
4070,7.50783333333333,1.5000000021464943,47322.939
4071,7.454,1.5000000072767812,47323.022
4073,7.494,1.5000000004487062,47322.9475
4076,7.485,1.5000000040745458,47323.06
4077,7.516,1.500000005302656,47323.0175
4078,7.509,1.499999999315221,47322.982
4080,7.546,1.500000002746288,47322.993
4081,7.531,1.4999999955766066,47323.0085
4084,7.537,1.500000002025918,47322.8225
4085,7.605,1.4999999974768856,47322.9195
4086,7.568,1.5000000046634556,47322.8635
4087,7.562,1.4999999941188975,47322.8715
4089,7.614,1.4999999941122355,47322.8565
4090,7.59,1.500000004560137,47322.8355
4091,7.599,1.5000000020201771,47322.8845
4094,7.583,1.5000000006951608,47322.7405
4095,7.63,1.5000000017047783,47322.7775
4097,7.651,1.5000000005337324,47322.6275
4098,7.667,1.5000000052066156,47322.635
4102,7.636,1.5000000001970433,47322.6835
4103,7.645,1.5000000018888286,47322.5035
4104,7.62766666666667,1.4999999984342438,47322.565
4106,7.682,1.500000000360744,47322.599
4107,7.697,1.5000000025924802,47322.5885
4110,7.657,1.500000003909473,47322.6115
4116,7.62,1.4999999947483864,47322.669
4182,7.577,1.4999999988593296,47323.9475
4187,7.553,1.4999999988740358,47324.147
4197,7.469,1.5000000030808427,47324.719
4199,7.45316666666667,1.49999999902336,47324.678
4213,7.328,1.500000003295659,47324.9865
4214,7.306,1.5000000013680612,47325.0975
4215,7.322,1.4999999965194857,47325.06
4218,7.282,1.5000000011182013,47325.1685
4239,7.214,1.4999999951976024,47325.802500000005
4266,7.246,1.4999999935361918,47326.398
4269,7.291,1.4999999985889227,47326.464
4282,7.173,1.4999999967094555,47326.771
4289,7.078,1.5000000084300356,47327.1885
4296,7.051,1.50000000216715,47327.443
4297,7.057,1.500000005050748,47327.553
4298,7.066,1.50000000037629,47327.495
4301,7.035,1.4999999983251726,47327.7325
4307,7.02,1.4999999954917007,47327.792
4319,7.004,1.499999996238606,47327.950500000006
4371,7.43,1.4999999941836049,47329.5505
4372,7.522,1.5000000016041055,47329.4705
4377,7.5,1.499999997660436,47329.636
4409,7.63516666666667,1.4999999967254245,47330.2595
4416,7.688,1.4999999976653102,47330.417
4417,7.673,1.4999999999621834,47330.451
4419,7.69483333333333,1.4999999960904862,47330.523
4420,7.71,1.4999999953061762,47330.496
4422,7.765,1.4999999952976657,47330.4505
4423,7.74,1.500000000625126,47330.5745
4424,7.787,1.5000000085055396,47330.5985
4425,7.771,1.5000000000670333,47330.6565
4426,7.817,1.5000000010162424,47330.576
4427,7.802,1.499999994681002,47330.62
4428,7.793,1.5000000022461235,47330.6985
4429,7.824,1.5000000009629748,47330.7
4430,7.808,1.499999996883262,47330.7065
4432,7.854,1.4999999993287676,47330.814
4433,7.861,1.4999999977878289,47330.792
4434,7.891,1.4999999989167754,47330.813
4435,7.907,1.4999999958265315,47330.9
4436,7.944,1.5000000033950698,47330.9035
4437,7.928,1.5000000086429344,47330.877
4438,7.922,1.499999994751074,47330.886
4439,7.953,1.4999999953111451,47331.0605
4440,7.975,1.500000001439078,47331.056
4441,7.99,1.4999999928382552,47330.9515
4442,7.996,1.4999999916180886,47331.06
4443,8.042,1.5000000011845211,47331.086
4444,8.021,1.499999996301964,47331.1445
4445,8.095,1.5000000009186392,47331.1665
4446,8.048,1.5000000049031184,47331.192500000005
4447,8.116,1.5000000001123464,47331.211
4448,8.079,1.5000000004601457,47331.1245
4450,8.073,1.4999999987964527,47331.256
4452,8.132,1.5000000060125085,47331.322
4454,8.147,1.49999999961706,47331.389
4455,8.169,1.4999999982114656,47331.3235
4456,8.162,1.5000000047978552,47331.3825
4457,8.21125,1.5000000012996904,47331.441
4458,8.20216666666667,1.5000000021115072,47331.508
4459,8.215,1.5000000027455225,47331.5
4460,8.209,1.50000000494632,47331.481
4462,8.283,1.4999999982181853,47331.5325
4463,8.246,1.5000000003374665,47331.605500000005
4464,8.236,1.499999999927801,47331.545
4465,8.322,1.500000000621952,47331.501
4466,8.304,1.5000000074318722,47331.597
4467,8.313,1.499999998136342,47331.5095
4469,8.35,1.5000000031837766,47331.678
4470,8.329,1.4999999953969942,47331.5635
4471,8.32,1.4999999958304226,47331.508
4472,8.344,1.5000000040773107,47331.591
4473,8.372,1.500000004668855,47331.587
4474,8.381,1.4999999989949282,47331.4755
4475,8.43275,1.499999994354738,47331.62699999999
4476,8.418,1.4999999969368174,47331.6035
4477,8.44,1.5000000033152583,47331.5475
4478,8.433,1.500000008368151,47331.539
4479,8.455,1.499999998566708,47331.524
4480,8.46366666666667,1.4999999979634262,47331.44500000001
4481,8.544,1.5000000049578637,47331.4815
4482,8.538,1.4999999997114932,47331.527
4484,8.584,1.5000000011563226,47331.504
4485,8.591,1.5000000015787949,47331.468
4486,8.575,1.5000000059129184,47331.4435
4488,8.6,1.499999999535638,47331.5515
4491,8.637,1.4999999945929654,47331.439
4492,8.606,1.4999999971647622,47331.43
4494,8.68,1.5000000043759132,47331.52099999999
4497,8.668,1.4999999978489895,47331.603
4499,8.689,1.4999999977563856,47331.6615
4501,8.695,1.5000000060028111,47331.7345
4503,8.711,1.5000000000143934,47331.749
4505,8.674,1.500000002333072,47331.85
4507,8.705,1.4999999998744464,47331.996
4509,8.735,1.4999999992202682,47331.9695
4519,8.726,1.5000000018263189,47332.193
4521,8.741,1.49999999571615,47332.2685
4523,8.748,1.5000000041422556,47332.226
4524,8.763,1.4999999949692036,47332.283
4526,8.72,1.4999999988923498,47332.227
4546,8.67783333333333,1.4999999971776938,47332.136
4559,8.778,1.4999999990899011,47332.5545
4560,8.831,1.5000000059337968,47332.598
4561,8.815,1.4999999954144447,47332.5915
4562,8.855,1.500000001444462,47332.478
4563,8.846,1.5000000003486331,47332.6215
4566,8.868,1.5000000025354898,47332.609500000006
4567,8.877,1.5000000021252065,47332.674
4568,8.923,1.5000000006411969,47332.684
4569,8.936,1.4999999970068882,47332.819
4570,8.914,1.500000000906288,47332.6705
4572,8.966,1.500000001606152,47332.692500000005
4573,8.929,1.4999999967776496,47332.686
4574,8.951,1.5000000064384171,47332.7285
4575,8.945,1.5000000006940553,47332.6765
4576,8.991,1.5000000019268345,47332.648
4580,9.043,1.5000000069629904,47332.549
4581,8.96233333333333,1.5000000031708487,47332.714
4582,9.013,1.4999999954894534,47332.6045
4584,8.982,1.5000000015251462,47332.609500000006
4586,9.003,1.4999999977212224,47332.724
4589,9.056,1.4999999993634952,47332.752
4590,9.049,1.500000005660022,47332.692
4591,9.065,1.5000000031126055,47332.828
4592,9.096,1.4999999952368377,47332.8205
4596,9.07041666666667,1.4999999938459814,47332.855500000005
4597,9.08,1.5000000007596033,47332.8435
4600,9.09258333333333,1.500000000719001,47332.90700000001
4605,9.071,1.5000000052244336,47333.023
4607,9.086,1.500000001535824,47332.971
4609,9.111,1.499999997571649,47332.958
4610,9.10583333333333,1.499999992360662,47332.886
4611,9.123,1.499999995943652,47332.8035
4612,9.139,1.5000000035272516,47332.8945
4613,9.163,1.5000000023410782,47332.899000000005
4614,9.148,1.4999999970151043,47332.7955
4618,9.185,1.500000005098862,47332.742
4619,9.179,1.4999999999983664,47332.689
4620,9.191,1.4999999936983428,47332.842
4621,9.154,1.4999999920182443,47332.8185
4628,9.231,1.5000000034126844,47332.768500000006
4629,9.222,1.500000001534033,47332.842
4630,9.216,1.5000000047160835,47332.7815
4631,9.2,1.4999999992533304,47332.897
4633,9.207,1.4999999976571436,47332.9265
4638,9.237,1.5000000009824064,47333.0875
4642,9.2035,1.5000000043108757,47333.122
4644,9.247,1.5000000012595738,47333.2355
4646,9.259,1.5000000040056356,47333.1265
4648,9.253,1.5000000033247618,47333.204
4651,9.305,1.500000001738556,47333.116
4655,9.29,1.5000000043867032,47333.1615
4660,9.274,1.4999999920943676,47333.1745
4661,9.268,1.4999999952492007,47333.197
4665,9.284,1.5000000011334238,47333.192500000005
4669,9.22516666666667,1.4999999940296689,47333.271
4686,9.133,1.4999999983507608,47333.135
4690,9.17,1.50000000307576,47333.1005
4711,9.102,1.50000000391381,47332.8455
4717,9.117,1.5000000059587124,47332.837
4735,9.019,1.4999999926395045,47332.817
4738,8.997,1.5000000013663009,47332.741
4740,8.96,1.499999995795646,47332.613
4749,8.976,1.4999999992473008,47332.5645
4751,8.883,1.500000004437632,47332.518
4754,8.862,1.4999999975412457,47332.5275
4756,8.84,1.500000006940769,47332.557
4760,8.8,1.499999999743946,47332.4185
4762,8.794,1.5000000035360306,47332.446
4766,8.788,1.5000000059529357,47332.3465
4770,8.809,1.5000000027552416,47332.477
4787,8.825,1.4999999975436753,47332.534
4817,8.658,1.500000001485852,47331.495500000005
4820,8.643,1.4999999984274954,47331.384000000005
4823,8.621,1.4999999990073334,47331.3585
4826,8.628,1.4999999998904603,47331.326
4828,8.554,1.4999999991335178,47331.316000000006
4829,8.56,1.4999999992613997,47331.225000000006
4830,8.569,1.4999999976617375,47331.361
4836,8.517,1.5000000048946027,47331.078
4838,8.523,1.499999993320588,47331.061
4839,8.507,1.499999997850295,47331.063
4840,8.486,1.5000000003362548,47330.975
4841,8.449,1.5000000067038093,47330.9755
4843,8.464,1.5000000045271704,47330.8
4846,8.424,1.4999999944664415,47330.7375
4847,8.403,1.499999999326448,47330.612
4849,8.397,1.5000000040012635,47330.5725
4850,8.387,1.500000000085591,47330.51
4852,8.356,1.499999995765836,47330.456
4853,8.335,1.4999999973400076,47330.332
4857,8.298,1.5000000003928176,47330.377
4859,8.289,1.5000000060599232,47330.323
4860,8.276,1.4999999923629237,47330.36
4861,8.252,1.50000000045043,47330.338
4863,8.23,1.500000004956988,47330.3565
4864,8.224,1.5000000065819965,47330.4365
4867,8.184,1.5000000016883563,47330.3695
4868,8.178,1.4999999997478044,47330.3715
4872,8.141,1.4999999965406414,47330.4825
4873,8.199,1.500000002049737,47330.5025
4875,8.125,1.500000001799153,47330.6755
4879,8.101,1.4999999942381697,47330.718
4884,8.027,1.5000000040278232,47330.7785
4887,7.981,1.5000000004808447,47330.8165
4889,7.965,1.5000000009356456,47330.948
4891,7.938,1.4999999959630432,47331.03
4895,7.913,1.4999999994762208,47331.1235
4897,7.885,1.5000000011207042,47331.1765
4900,7.845,1.5000000040676986,47331.318
4901,7.87,1.500000000914362,47331.3915
4903,7.839,1.4999999989433752,47331.5625
4904,7.833,1.5000000006747218,47331.5685
4911,7.901,1.4999999970061004,47331.743
4913,7.876,1.5000000086883558,47331.563
4931,7.836,1.5000000051081508,47330.83500000001
4932,7.88166666666667,1.4999999997761508,47330.8805
4933,7.8235,1.4999999962420745,47330.8445
4934,7.85508333333333,1.5000000032061491,47330.7995
4937,7.84791666666667,1.500000002889993,47330.7475
4939,7.8275,1.4999999982693428,47330.6235
4951,7.777,1.5000000012235963,47330.1535
4964,7.756,1.4999999941268882,47329.84
4968,7.75,1.4999999996054196,47329.802
4973,7.734,1.5000000078587246,47329.541
4974,7.719,1.5000000009937169,47329.575
4975,7.704,1.5000000039580303,47329.4625
5014,7.725,1.5000000087933054,47328.697
5023,7.68616666666667,1.5000000062827836,47328.4475
5062,7.641,1.50000000062023,47327.5835
5063,7.68066666666667,1.499999998976549,47327.643
5068,7.6055,1.4999999943356168,47327.631
5071,7.5875,1.4999999987070096,47327.5165
5072,7.63466666666667,1.5000000008983647,47326.7545
5073,7.61695833333333,1.4999999986416754,47326.75
5074,7.62477777777778,1.500000006920329,47326.778000000006
5075,7.587125,1.499999998640489,47326.609
5077,7.618,1.500000003975778,47326.6535
5081,7.57525,1.5000000005390342,47326.604
5139,7.495,1.4999999998104367,47325.025
5158,7.442,1.499999998990824,47324.355
5168,7.402,1.5000000035650434,47324.1795
5239,7.4925,1.499999998857813,47322.5025
5334,7.89233333333333,1.500000006560239,47320.6865
5349,7.959,1.4999999996456852,47320.5125
5350,7.94983333333333,1.5000000075055466,47320.5475
5353,8.005,1.4999999996135012,47320.4405
5360,8.012,1.5000000035167629,47320.228
5366,8.00816666666667,1.4999999996251687,47320.0255
5368,8.00544444444444,1.4999999995551072,47320.058000000005
5385,8.033,1.5000000046471944,47319.9385
5388,8.058,1.4999999968393256,47319.977
5392,8.064,1.4999999926288614,47319.928
5397,8.089,1.4999999983623649,47319.885
5403,8.11,1.500000000457402,47319.8315
5415,8.193,1.4999999958195631,47319.755
5420,8.17883333333334,1.4999999993400115,47319.5765
5423,8.261,1.500000007057781,47319.5385
5428,8.267,1.5000000000795513,47319.506
5450,8.366,1.4999999995132731,47319.181
5456,8.412,1.500000005220096,47319.198
5467,8.48,1.4999999960523815,47319.1145
5468,8.501,1.500000000784394,47319.051
5469,8.47,1.5000000064547503,47319.0495
5470,8.44483333333333,1.5000000054468634,47319.105
5471,8.492,1.50000000326792,47319.129
5485,8.532,1.5000000036124053,47318.829
5561,8.62316666666667,1.5000000040555916,47319.3085
5568,8.67345833333333,1.4999999950428242,47319.0025
5569,8.667,1.4999999949096547,47319.0375
5571,8.69616666666667,1.4999999981086731,47318.994000000006
5573,8.757,1.500000003424733,47319.1085
5600,8.899,1.5000000042347088,47319.19
5611,8.892,1.4999999997278544,47319.25
5620,8.8955,1.4999999989237616,47319.333
5621,8.92966666666667,1.5000000020979536,47319.16650000001
5640,9.02725,1.4999999956404348,47319.42
5646,9.055,1.5000000010591512,47319.5135
5648,9.028,1.499999991000935,47319.5735
5716,9.034,1.4999999940349882,47319.604
5788,8.938,1.4999999965650548,47319.4225
5795,8.908,1.5000000005603986,47319.28200000001
5811,8.772,1.4999999983654215,47318.982
5823,8.652,1.4999999958640629,47319.0275
5836,8.612,1.5000000001766558,47319.006
6001,7.011,1.5000000054120024,47316.305
6003,6.998,1.499999998955262,47316.285
6009,6.974,1.500000002209765,47316.158
6011,6.958,1.5000000062085108,47316.0695
6014,6.937,1.5000000014328951,47316.013
6018,6.921,1.5000000037728316,47315.827
6020,6.884,1.49999999819048,47315.7945
6023,6.847,1.5000000007324668,47315.6895
6025,6.823,1.4999999974015847,47315.6175
6034,6.743,1.5000000040048789,47315.4475
6044,6.635,1.5000000003850478,47315.3695
6047,6.619,1.5000000004141685,47315.3055
6048,6.613,1.500000005836645,47315.2695
6049,6.582,1.4999999966313362,47315.193
6051,6.607,1.499999998983082,47315.1105
6053,6.598,1.5000000007807297,47315.143
6056,6.555,1.500000005391144,47315.0095
6057,6.539,1.5000000000709195,47315.041
6058,6.53,1.4999999943687088,47314.95
6060,6.515,1.5000000036918415,47314.862
6062,6.499,1.499999998906957,47314.8035
6064,6.508,1.4999999957350516,47314.632
6067,6.478,1.4999999968498836,47314.569
6074,6.472,1.5000000005775334,47314.317500000005
6075,6.456,1.499999995275258,47314.401
6087,6.45183333333333,1.500000001556285,47314.339
6089,6.447,1.5000000050603457,47314.3415
6094,6.487,1.50000000229376,47314.4745
6097,6.524,1.4999999952601186,47314.438
6109,6.419,1.5000000026661848,47314.1645
6112,6.41,1.4999999991412931,47314.1025
6117,6.395,1.4999999936539747,47313.976
6118,6.388,1.5000000007924037,47313.979
6119,6.404,1.500000001528286,47313.840500000006
6123,6.364,1.4999999989198654,47313.7515
6124,6.358,1.4999999986638424,47313.664
6125,6.342,1.49999999710157,47313.6255
6126,6.373,1.4999999990393027,47313.582
6131,6.321,1.5000000011396435,47313.559
6135,6.284,1.5000000018935598,47313.486
6136,6.274,1.5000000003991385,47313.3415
6137,6.268,1.500000004758954,47313.3575
6138,6.244,1.500000001931048,47313.278
6139,6.259,1.5000000006207697,47313.3545
6145,6.253,1.4999999941019315,47313.1615
6146,6.231,1.5000000036837216,47313.204
6148,6.222,1.499999997709365,47313.1695
6149,6.216,1.5000000029389822,47313.0705
6150,6.191,1.5000000013020467,47313.0515
6151,6.185,1.5000000014726311,47313.079
6153,6.237,1.499999995919236,47313.0115
6154,6.207,1.5000000034715977,47312.976
6164,6.133,1.4999999997480968,47312.9845
6168,6.117,1.5000000025225095,47312.901
6169,6.108,1.500000004242451,47312.743
6170,6.123,1.5000000022183342,47312.834
6176,6.148,1.4999999954989842,47312.755000000005
6182,6.087,1.499999995277255,47312.678
6186,6.08,1.5000000026957947,47312.4895
6197,6.071,1.499999996750897,47312.334
6198,6.05,1.500000000865941,47312.267
6203,6.028,1.500000001986491,47312.276
6204,6.034,1.4999999951516785,47312.2495
6212,6.019,1.4999999967218514,47312.346
6219,6.065,1.4999999963107176,47312.3315
6254,5.976,1.500000000491151,47311.695
6256,5.951,1.4999999982854686,47311.6735
6258,5.96,1.499999996186067,47311.7135
6259,5.92466666666667,1.4999999996480895,47311.6875
6261,5.929,1.499999997212044,47311.624500000005
6272,5.883,1.5000000092070156,47311.644
6278,5.908,1.4999999980887588,47311.636
6280,5.966,1.4999999996586026,47311.5325
6321,5.97133333333333,1.4999999973673412,47311.052500000005
6326,5.93375,1.4999999964858863,47311.0185
6327,5.98533333333333,1.500000005751388,47311.024000000005
6331,5.89124074074074,1.4999999960087256,47311.048
6332,5.90375,1.500000003937185,47311.0685
6333,5.82334722222222,1.500000001612282,47311.0075
6334,5.872,1.5000000061082972,47310.968
6335,5.82461111111111,1.499999993988731,47311.064
6336,5.8175,1.50000000400084,47310.974
6337,5.83161111111111,1.5000000035106422,47310.9115
6338,5.801,1.5000000034379932,47310.949
6339,5.71269212962963,1.50000000467159,47310.9165
6340,5.73706944444445,1.5000000034796142,47310.867
6341,5.73033333333333,1.4999999994591342,47310.818
6342,5.67216666666667,1.4999999992949642,47311.126
6343,5.66929166666667,1.4999999964149875,47311.096
6345,5.66916666666667,1.5000000045253277,47311.105500000005
6346,5.6715,1.500000001372667,47310.9985
6347,5.62997222222222,1.500000003547033,47311.08500000001
6348,5.58708333333333,1.5000000054960525,47311.0745
6349,5.58232291666667,1.4999999964389183,47311.1085
6350,5.5616875,1.499999993558239,47311.1105
6351,5.51438657407407,1.499999994088144,47310.9695
6352,5.50173292824074,1.5000000056746268,47311.154
6353,5.449,1.5000000058003589,47311.081000000006
6354,5.49459837962963,1.5000000016326172,47311.031
6357,5.403,1.499999997153029,47311.1415
6360,5.39588888888889,1.500000005650647,47311.1765
6366,5.341,1.4999999936490878,47311.1895
6367,5.357,1.4999999944174525,47311.088
6368,5.26566666666667,1.4999999946704612,47311.1255
6370,5.32,1.50000000555707,47311.127
6372,5.24433333333333,1.4999999985658936,47311.1565
6374,5.30138888888889,1.5000000003862877,47311.4195
6375,5.26733333333333,1.5000000063332533,47311.392
6376,5.251,1.5000000010131458,47311.413
6377,5.2405,1.5000000002472995,47311.3855
6378,5.27566666666667,1.5000000016215769,47311.462
6379,5.212125,1.499999996680932,47311.36
6382,5.23333333333333,1.4999999960081298,47311.3835
6383,5.20133333333333,1.4999999998189448,47311.4075
6388,5.126,1.500000001665977,47311.487
6390,5.141,1.5000000004902134,47311.556500000006
6394,5.147,1.5000000065900665,47311.593
6408,5.095,1.5000000075682631,47311.7925
6413,5.064,1.499999999504832,47311.807
6415,5.058,1.4999999980564367,47311.695
6416,5.02816666666667,1.5000000033515768,47311.753
6554,4.68233333333333,1.5000000028703164,47312.832
6571,4.68283333333333,1.4999999971203168,47312.9685
6583,4.6375,1.5000000019255533,47312.747
6608,4.63366666666667,1.499999999184708,47312.8355
6636,4.5,1.4999999959307837,47312.927500000005
6661,4.55466666666667,1.4999999989448982,47312.991
6671,4.5915,1.5000000012489527,47313.007
6707,4.48383333333333,1.5000000022172448,47313.7855
6746,4.365,1.499999999776792,47314.25
6899,4.06966666666667,1.5000000024506392,47316.186
6951,4.084,1.5000000042375077,47315.879
7063,4.0105,1.4999999984176695,47316.792
7091,3.93575,1.4999999941975537,47316.6575
7096,3.908,1.5000000012776609,47316.642
7105,3.90375,1.499999997240652,47316.689
7120,3.8975,1.5000000014498596,47316.382
7159,3.6375,1.4999999991023276,47316.144
7182,3.5785,1.5000000004180707,47315.39
7213,3.447,1.499999997545462,47315.926
7237,3.21975,1.4999999961794463,47315.696
7247,3.122,1.4999999996654394,47315.5915
7263,2.988,1.4999999933932864,47315.362
7378,2.672,1.4999999983709729,47313.724
7394,2.64775,1.5000000033032526,47313.56
7396,2.59554166666667,1.5000000089990948,47313.52
7416,2.5915,1.499999998044304,47313.137
7433,2.59483333333333,1.500000002159224,47312.9825
7465,2.827,1.5000000087047596,47312.666
7487,2.782,1.5000000006469298,47312.2655
7503,2.781,1.50000000159793,47312.253500000006
7510,2.70633333333333,1.499999995901604,47312.31
7527,2.691,1.5000000005757868,47312.248
7595,2.74883333333333,1.499999998188409,47312.1575
7603,2.79475,1.500000006457357,47312.0585
7607,2.79925,1.5000000006308083,47312.0455
7643,2.78133333333333,1.499999998734766,47312.1005
7744,2.85083333333333,1.4999999978226537,47310.2275
7818,2.85575,1.4999999945926434,47310.8875
7862,2.90916666666667,1.5000000022702178,47310.7855
7868,2.88816666666667,1.499999995626495,47310.883
7882,2.792,1.500000004202436,47310.906
7898,2.76966666666667,1.4999999990833577,47310.84
7917,2.8165,1.4999999974266467,47310.7515
7920,2.82575,1.500000002652918,47310.756
7922,2.84016666666667,1.4999999987926502,47310.9175
7923,2.84025,1.4999999979648238,47310.8495
7927,2.8945,1.50000000789624,47310.781
7931,2.89425,1.5000000032514336,47310.8065
7944,2.9065,1.4999999954243046,47310.929
7947,2.89566666666667,1.4999999988595665,47310.772
7972,2.92816666666667,1.500000000319862,47310.865
7987,2.87466666666667,1.4999999968409723,47310.8975
8001,2.86616666666667,1.5000000008064895,47310.8575
8002,2.87816666666667,1.5000000006957035,47310.8195
8003,2.85645833333333,1.500000000995184,47310.8615
8004,2.87333333333333,1.4999999935723436,47310.8555
8014,2.82266666666667,1.5000000039603685,47310.9245
8015,2.84983333333333,1.50000000483771,47310.8855
8023,2.861,1.500000001707661,47310.892
8024,2.8625,1.5000000068120591,47310.9215
8025,2.823,1.4999999979493748,47310.908500000005
8074,3.03633333333333,1.500000000644259,47310.8915
8075,3.03983333333333,1.4999999985246468,47310.836500000005
8104,3.02133333333333,1.5000000021728244,47311.36
8132,2.94725,1.499999993195089,47311.309
8133,2.88733333333333,1.5000000029810725,47311.4025
8139,2.953,1.5000000023254452,47311.61
8158,2.9485,1.500000002492452,47312.008
8192,3.097,1.5000000003830103,47312.255000000005
8206,3.08516666666667,1.500000005144501,47312.5065
8218,2.99633333333333,1.4999999968272877,47312.54
8270,2.944,1.500000004177411,47313.3245
8287,3.045,1.499999997479136,47313.5915
8313,3.08683333333333,1.500000001852338,47313.7175
8324,3.08783333333333,1.4999999980153584,47313.9135
8365,2.85633333333333,1.4999999937348014,47314.3955
8480,2.8695,1.4999999995864748,47313.7595
8490,2.82875,1.5000000066117434,47314.163
8514,2.84833333333333,1.5000000077632467,47314.403
8566,2.92266666666667,1.5000000010450834,47314.61
8612,2.7895,1.4999999986164012,47314.4645
8639,2.8135,1.5000000010408086,47314.026
8641,2.79608333333333,1.5000000043981112,47314.174
8643,2.85,1.5000000009860817,47314.149000000005
8750,2.84183333333333,1.500000001173642,47313.230500000005
8788,2.9815,1.4999999914251494,47313.117
8789,2.957,1.5000000013831805,47313.0105
8811,2.95066666666667,1.5000000075889577,47313.101
8880,3.18766666666667,1.5000000032834686,47312.52
8957,2.7245,1.500000006162413,47312.602
8960,2.686875,1.5000000024759246,47312.5645
8961,2.71275,1.499999995496409,47312.7095
8962,2.7,1.4999999986402608,47312.733
8963,2.61716666666667,1.499999994494936,47312.6185
8973,2.65733333333333,1.5000000032003369,47312.441
8990,2.693,1.5000000076203006,47312.4785
9014,2.57333333333333,1.5000000016726662,47312.338
9049,2.6015,1.4999999936033308,47312.2355
9101,2.46583333333333,1.5000000028058602,47312.39
9171,2.56383333333333,1.499999996069366,47312.4785
9317,2.55125,1.5000000019623176,47313.4965
9327,2.61075,1.5000000002751446,47313.445
9416,2.41633333333333,1.500000001108632,47314.067500000005
9428,2.46916666666667,1.4999999999090128,47314.0295
9429,2.4735,1.4999999997164497,47314.061
9433,2.46766666666667,1.4999999925849254,47314.08
9446,2.46116666666667,1.500000005750478,47314.5135
9479,2.3535,1.500000005595856,47313.655
9488,2.33183333333333,1.4999999973415663,47314.7445
9511,2.279,1.4999999966574833,47314.866
9578,2.2105,1.5000000016143291,47315.141
9584,2.19375,1.5000000005337757,47315.0775
9608,2.05566666666667,1.499999993693688,47315.1765
9611,2.05,1.500000001777728,47315.188
9614,2.05908333333333,1.4999999999142737,47315.1225
9683,2.158,1.5000000008990992,47314.101
9718,2.10025,1.5000000016536963,47314.6385
9723,2.1135,1.5000000026969855,47314.631
9735,2.081,1.5000000007181638,47314.434
9755,2.06775,1.5000000018116733,47314.45
9756,2.02766666666667,1.4999999997030768,47314.414
9770,2.0155,1.4999999985768342,47314.4295
9771,2.032,1.499999996096905,47314.35
9777,1.98013888888889,1.499999995920814,47314.3985
9779,2.03116666666667,1.4999999978156928,47314.3405
9786,2.03033333333333,1.5000000002903997,47314.335
9819,2.11933333333333,1.500000005880897,47314.365000000005
9829,2.1075,1.5000000005891228,47314.283
9830,2.10433333333333,1.5000000006380552,47314.3615
9832,2.09916666666667,1.4999999977341945,47314.306
9842,2.13908333333333,1.5000000030432057,47314.197
9846,2.1295,1.5000000006882808,47314.138
9852,2.12125,1.5000000036237249,47314.132
9857,2.09625,1.5000000080715756,47314.193
9860,2.15025,1.4999999991758812,47314.35249999999
9884,2.188,1.4999999994565645,47314.2565
9912,2.11183333333333,1.500000000120954,47314.509000000005
9935,2.12183333333333,1.5000000021205746,47314.1045
9940,2.12266666666667,1.5000000010209582,47314.218
9946,2.17325,1.5000000036413257,47314.263
9956,2.1985,1.5000000014739088,47314.478
9977,2.22166666666667,1.500000000565409,47314.688
10011,2.166,1.5000000033744596,47314.014
10072,2.07266666666667,1.4999999966852944,47313.8145
10080,2.09183333333333,1.4999999985121588,47313.937
10091,2.1115,1.4999999940777111,47314.099
10094,2.17616666666667,1.5000000057483696,47314.095
10147,2.15383333333333,1.5000000091061376,47314.1915
10164,2.1955,1.4999999935097323,47314.1815
10166,2.20575,1.5000000081572331,47314.132
10194,2.27433333333333,1.5000000043016744,47314.995500000005
10196,2.30116666666667,1.5000000039238766,47314.946
10206,2.329,1.499999998229472,47314.757
10286,2.24566666666667,1.4999999980071494,47316.123
10332,2.2535,1.499999999097244,47315.77
10333,2.23283333333333,1.4999999973553184,47315.732
10354,2.31831944444444,1.500000001461573,47317.034
10363,2.389,1.5000000006132364,47316.963
10365,2.38275,1.500000004587014,47316.793000000005
10368,2.42529166666667,1.50000000049142,47316.7995
10374,2.44008333333333,1.5000000056235752,47316.929
10453,2.58,1.4999999996621902,47315.9035
10512,2.92475,1.4999999995417546,47315.418000000005
10522,2.9025,1.5000000064355985,47315.386
10540,2.9145,1.499999997724358,47315.2045
10625,3.21527777777778,1.5000000019738635,47315.744
10626,3.20883333333333,1.5000000057316318,47315.73299999999
10637,3.16633333333333,1.4999999993688795,47315.6685
10844,3.226,1.5000000011998538,47316.0935
10965,3.29633333333333,1.4999999979944814,47316.855500000005
10996,3.16933333333333,1.500000008315053,47317.018500000006
11045,3.21416666666667,1.5000000001410985,47317.169
11048,3.2325,1.5000000055149287,47317.1915
11054,3.263,1.4999999980860417,47317.1655
11063,3.33075,1.5000000056417908,47317.317500000005
11064,3.32325,1.5000000015678467,47317.2515
11148,3.27816666666667,1.4999999961956705,47316.6585
11232,3.32483333333333,1.4999999985309995,47317.651
11250,3.20133333333333,1.5000000088852934,47317.4605
11268,3.17783333333333,1.5000000012084544,47317.6375
11269,3.2385,1.4999999913218047,47317.759
11274,3.18583333333333,1.4999999937971489,47317.7825
11316,3.31883333333333,1.500000000974903,47317.482
11527,3.2835,1.5000000022410973,47318.4075
11708,2.99966666666667,1.5000000017841564,47319.321500000005
11718,2.97275,1.49999999382593,47319.488
11722,2.92916666666667,1.4999999980298868,47319.3685
11786,2.52683333333333,1.5000000075319622,47319.877
11796,2.521,1.5000000044252846,47319.8865
11836,2.34483333333333,1.5000000001056342,47319.891
11907,2.23133333333333,1.4999999987213857,47319.6595
11942,2.0825,1.50000000946452,47320.5465
11948,2.078,1.4999999947970946,47320.776
11958,1.98483333333333,1.500000001537365,47321.3485
12006,1.968,1.5000000066482104,47321.8735
12012,1.951,1.4999999981431753,47321.916
12016,1.95705555555556,1.49999999859929,47321.953
12019,2.00788888888889,1.50000000127997,47321.913
12020,2.00483333333333,1.500000005027806,47321.9665
12024,1.97833333333333,1.5000000034366716,47322.0325
12025,1.99644444444444,1.500000000644787,47321.9355
12027,1.9355,1.4999999981124577,47322.03
12029,1.99866666666667,1.500000002209951,47322.031
12037,1.97475,1.5000000037673509,47322.024000000005
12039,1.97891666666667,1.499999993698128,47322.09
12062,2.02216666666667,1.4999999985639476,47322.155
12075,2.0015,1.5000000016860795,47322.5265
12076,1.96333333333333,1.4999999999627642,47322.537
12077,2.02325,1.5000000062303271,47322.516
12078,2.01714583333333,1.5000000071639057,47322.5385
12079,2.01875,1.4999999926425345,47322.5595
12080,1.98925,1.5000000072935669,47322.579
12083,1.997,1.5000000058444307,47322.522
12085,1.9885,1.500000002797532,47322.484500000006
12092,2.0035,1.5000000024725704,47322.433000000005
12107,2.0295,1.499999999784399,47322.53
12108,2.03316666666667,1.4999999939838842,47322.459
12127,1.97333333333333,1.5000000034424212,47322.4325
12177,1.98475,1.4999999999770333,47322.768500000006
12201,2.044,1.5000000048533793,47322.502
12214,2.01983333333333,1.499999992777106,47322.427
12226,2.09066666666667,1.4999999973575435,47322.608
12228,2.04741666666667,1.4999999930308217,47322.5515
12400,2.29975,1.499999991545829,47322.477
12482,2.46475,1.5000000034562413,47323.614
12620,2.57633333333333,1.499999994667615,47325.0215
12681,2.72916666666667,1.4999999988493735,47325.345
12720,2.78475,1.499999995024616,47326.1385
12738,2.74683333333333,1.500000001949286,47326.3045
12743,2.72855555555556,1.500000001386797,47326.345
12745,2.74233333333333,1.50000000660142,47326.425
12763,2.7789375,1.499999995900341,47326.5935
12767,2.799125,1.500000001083548,47326.525
12857,3.15333333333333,1.5000000039262773,47327.65
12910,3.23266666666667,1.5000000066718464,47328.174
12955,3.36016666666667,1.499999999547649,47329.027
12990,3.36075,1.500000000913193,47329.4285
12999,3.34383333333333,1.500000007117315,47329.7845
13023,3.545,1.5000000056340237,47329.844
13024,3.50483333333333,1.499999997567634,47329.7545
13077,3.70705555555556,1.5000000039881278,47330.7015
13078,3.69283333333333,1.5000000070677977,47330.6295
13134,3.7955,1.5000000035821566,47331.1295
13144,3.82783333333333,1.4999999943846802,47331.276
13210,3.84875,1.500000002158531,47332.380000000005
13289,3.9165,1.5000000036633547,47333.4295
13302,3.876,1.50000000094075,47333.6635
13334,3.83733333333333,1.500000003143725,47334.0665
13344,3.87583333333333,1.500000000785413,47334.073
13350,3.86679166666667,1.4999999972682836,47334.25
13366,3.9065,1.499999998685699,47334.457
13395,3.9975,1.500000000130185,47334.913
13412,4.044,1.499999996645386,47334.85249999999
13444,4.01033333333333,1.499999994177897,47335.579
13507,3.911,1.5000000036567696,47336.021
13653,3.78683333333333,1.4999999982808592,47337.852
13754,3.78233333333333,1.5000000023450264,47338.4745
13755,3.784,1.499999997806351,47338.414
13772,3.7595,1.499999993896728,47338.4355
13773,3.74825,1.4999999978150027,47338.5955
13798,3.71533333333333,1.5000000050222797,47338.718
13818,3.75211111111111,1.5000000025616786,47339.1375
13851,3.82566666666667,1.4999999988815436,47339.7195
13873,3.897,1.4999999918580824,47340.093
13915,3.86283333333333,1.499999995299928,47340.8065
13920,3.878,1.4999999931541628,47340.869
13939,3.9885,1.4999999966129216,47341.1155
13943,4.01166666666667,1.4999999991483508,47341.1065
13973,3.99566666666667,1.4999999985228178,47341.5585
13974,4.006,1.4999999941850113,47341.6675
14106,3.871,1.5000000041580426,47343.8635
14109,3.82733333333333,1.4999999990853052,47344.1235
14158,3.6975,1.5000000051890798,47345.166
14179,3.56254166666667,1.4999999960251031,47345.3095
14181,3.62075,1.500000001176249,47345.422
14201,3.7025,1.5000000004104992,47345.714
14202,3.73027777777778,1.5000000036453274,47345.7375
14203,3.75954166666667,1.499999992789194,47345.6865
14205,3.73366666666667,1.500000006134424,47345.675
14210,3.78283333333333,1.4999999999080973,47345.5765
14218,3.79433333333333,1.5000000008746162,47345.6595
14353,4.0885,1.5000000023787272,47348.317
14435,4.3435,1.4999999971673577,47349.3225
14467,4.34883333333333,1.5000000013660495,47349.832
14477,4.39266666666667,1.4999999991442474,47349.91
14481,4.37995833333333,1.5000000081114275,47349.893
14632,4.6605,1.499999999348941,47355.5685
14634,4.628,1.5000000023916336,47355.9165
14643,4.72466666666667,1.499999999399122,47356.339
14694,4.84966666666667,1.5000000006766951,47354.876
14727,4.77066666666667,1.500000001390028,47355.531
14730,4.77433333333333,1.4999999999923006,47355.6875
14742,4.75583333333333,1.4999999914751687,47355.804
14819,4.99,1.500000006776825,47357.8125
14830,4.9585,1.5000000074839224,47358.091
14841,4.94333333333333,1.5000000014315011,47358.38649999999
14867,5.027,1.4999999933913797,47358.9415
14881,5.05766666666667,1.5000000006649634,47359.296
14882,5.079,1.4999999993474045,47359.283
14887,5.068,1.5000000011008636,47359.46950000001
14898,5.101,1.4999999992402546,47359.7765
14963,5.1335,1.5000000072190665,47361.262
14969,5.184,1.5000000030353873,47361.437
14973,5.23,1.4999999988419137,47361.5805
14974,5.246,1.50000000149587,47361.485
14987,5.298,1.4999999992585715,47361.9905
15018,5.12383333333333,1.499999998403846,47362.804
15025,5.11133333333333,1.5000000038331314,47362.981
15026,5.13133333333333,1.5000000034181789,47362.942
15027,5.10918055555556,1.5000000041653183,47363.15
15028,5.15066666666667,1.5000000001566816,47363.1455
15029,5.1175,1.500000002223876,47363.1935
15030,5.11936111111111,1.5000000005494438,47363.122
15032,5.08966666666667,1.500000002962194,47363.342
15062,5.016,1.5000000023190423,47364.336
15063,5.0285,1.5000000089121428,47364.343
15123,5.13716666666667,1.5000000043534627,47365.817500000005
15181,5.0685,1.4999999987542942,47367.311
15185,5.05875,1.4999999919475897,47367.5365
15197,5.0825,1.5000000031950929,47368.201
15210,5.162,1.500000000846358,47368.408
15216,5.175,1.4999999949473075,47368.4855
15257,5.397,1.5000000007117924,47369.526
15261,5.44,1.5000000035622236,47369.6515
15300,5.3525,1.5000000040564343,47370.801
15311,5.35883333333333,1.5000000049227975,47371.137
15314,5.427,1.5000000051916342,47371.225
15322,5.455,1.4999999931300192,47371.3935
15342,5.492,1.5000000011992838,47371.9325
15381,5.32766666666667,1.499999998317054,47373.0355
15391,5.32583333333333,1.500000002494084,47373.4385
15503,5.01275,1.5000000046025666,47377.5595
15513,5.05975,1.5000000014087609,47377.885
15525,5.0575,1.5000000003011371,47378.0975
15551,5.10183333333333,1.4999999985884032,47379.104
15568,5.05566666666667,1.5000000007493297,47380.0425
15595,5.04966666666667,1.500000001818642,47380.67
15605,4.99177777777778,1.4999999993650894,47381.128
15608,5.00716666666667,1.4999999976364846,47381.118
15659,5.03883333333333,1.4999999960168011,47382.8985
15734,4.98,1.4999999984948271,47385.744
15735,4.9245,1.499999996196698,47385.881
15744,4.92983333333333,1.5000000037129402,47386.2355
15795,4.99225,1.499999992386851,47388.218
15840,5.009,1.4999999990341375,47390.0065
15886,4.97033333333333,1.500000004228128,47392.1485
15922,4.94633333333333,1.4999999988323716,47394.187
15932,5.03716666666667,1.5000000055647076,47394.252
15949,5.20033333333333,1.5000000068845043,47394.485
16139,4.33116666666667,1.4999999989787398,47403.09299999999
16149,4.35375,1.4999999996301328,47403.5645
16159,4.27433333333333,1.499999994602773,47404.047
16178,4.21733333333333,1.5000000007688163,47404.768
16182,4.20166666666667,1.5000000071892308,47404.95
16183,4.21016666666667,1.500000002220496,47404.9795
16184,4.21133333333333,1.4999999953052603,47404.945
16185,4.18216666666667,1.50000000020055,47405.0575
16186,4.14983333333333,1.5000000037960024,47405.0795
16187,4.164,1.500000001153449,47405.029
16190,4.14666666666667,1.5000000063916412,47405.5955
16209,3.99975,1.4999999960775987,47407.8995
16234,3.90508333333333,1.5000000008389,47409.5505
16244,3.86333333333333,1.5000000025318267,47410.0875
16278,3.72133333333333,1.4999999962234465,47411.6485
16338,3.357,1.5000000015199246,47414.5955
16385,3.182,1.4999999976720235,47416.822
16391,3.145,1.4999999979766852,47417.0385
16427,2.93333333333333,1.5000000008751273,47418.887
16479,2.631,1.4999999982572134,47421.868
16487,2.6,1.500000003602075,47422.1705
16493,2.57225,1.5000000004909877,47422.383
16497,2.56075,1.5000000009792906,47422.68
16499,2.555,1.4999999984140966,47422.742
16573,2.14516666666667,1.4999999975493457,47426.841
16581,2.11680555555556,1.49999999688873,47427.257
16591,2.11566666666667,1.499999997253148,47427.942
16594,2.06916666666667,1.5000000043077748,47428.1355
16598,2.00966666666667,1.4999999964370392,47428.386
16602,1.94825,1.499999996984054,47428.708
16606,1.97316666666667,1.500000001897514,47428.838
16608,2.02266666666667,1.5000000085699738,47428.98
16609,1.97025,1.4999999998765208,47428.974
16610,1.988,1.500000004827872,47429.091
16612,1.92727777777778,1.5000000027847042,47429.105
16613,1.90616666666667,1.5000000023645057,47429.158500000005
16615,1.92325,1.5000000060879766,47429.321500000005
16616,1.93556018518519,1.4999999983661068,47429.3645
16617,1.926,1.500000002240227,47429.447
16621,1.921625,1.5000000044116155,47429.45
16622,1.88133333333333,1.4999999933876689,47429.631
16624,1.90908333333333,1.4999999973926683,47429.7985
16627,1.9015,1.5000000019944724,47429.8235
16628,1.8685,1.500000002161957,47429.891
16632,1.85133333333333,1.500000003250667,47430.116
16643,1.86625,1.4999999958679868,47431.8945
16655,1.87841666666667,1.5000000042770478,47432.164
16656,1.83977083333333,1.4999999997617306,47432.3085
16657,1.84933333333333,1.5000000058966487,47432.3635
16664,1.8015,1.5000000051978033,47432.6585
16674,1.779,1.4999999983348091,47433.3655
16686,1.86433333333333,1.49999999547606,47434.202000000005
16687,1.83616666666667,1.5000000024384337,47434.28
16688,1.83133333333333,1.499999994588782,47434.319
16689,1.79979166666667,1.5000000033183314,47434.277
16691,1.78554166666667,1.499999996718634,47434.58
16693,1.80475,1.500000002487051,47434.758
16694,1.83672222222222,1.5000000025217408,47434.643
16696,1.78266666666667,1.499999991880293,47434.892
16697,1.77075,1.4999999917673874,47434.9045
16699,1.78397685185185,1.5000000016184891,47434.9925
16700,1.8020625,1.4999999989254336,47435.118
16701,1.75874845679012,1.499999999296176,47435.145
16703,1.7475,1.499999996402553,47435.152
16704,1.80995138888889,1.4999999961232793,47435.2365
16706,1.752625,1.500000004059847,47435.3085
16707,1.79327777777778,1.4999999997468272,47435.315
16708,1.756,1.5000000008867194,47435.2845
16710,1.77178472222222,1.4999999999863378,47435.131
16711,1.72977777777778,1.5000000007528558,47435.0045
16712,1.75944791666667,1.4999999991894173,47435.0485
16714,1.72983333333333,1.4999999982546994,47434.9155
16716,1.71816666666667,1.50000000541156,47434.8345
16718,1.747,1.5000000026191336,47434.9765
16719,1.78116666666667,1.500000000742841,47435.0665
16720,1.73308333333333,1.5000000018418362,47435.0825
16722,1.70075,1.5000000016154735,47435.3255
16723,1.78333333333333,1.500000005358405,47435.4055
16724,1.70875,1.50000000468507,47435.624
16726,1.713,1.5000000002449485,47435.7755
16727,1.722828125,1.499999997852183,47435.7685
16728,1.7040625,1.499999995118894,47435.911
16729,1.741,1.5000000041549195,47435.859
16730,1.6848125,1.4999999943917277,47435.986
16731,1.74580555555556,1.499999999678727,47436.0165
16732,1.71125,1.4999999968526272,47436.1785
16734,1.69525,1.4999999926061385,47436.241
16735,1.763,1.499999999378647,47436.333
16736,1.719,1.5000000019382378,47436.3385
16738,1.725,1.5000000043618336,47436.3865
16739,1.734,1.5000000010881436,47436.480500000005
16740,1.7523125,1.5000000007187173,47436.566000000006
16746,1.71,1.4999999983309915,47436.607
16747,1.704,1.4999999962688466,47436.6795
16748,1.689,1.5000000043028712,47436.648
16749,1.694,1.500000004069027,47436.654
16753,1.75961111111111,1.5000000022374629,47436.7035
16754,1.71833333333333,1.5000000029426204,47436.763
16755,1.69766666666667,1.5000000023694249,47436.7485
16756,1.73916666666667,1.499999992835425,47436.7565
16757,1.679,1.5000000023813318,47436.8835
16759,1.72594444444444,1.4999999988297288,47436.7795
16764,1.69875,1.4999999970920586,47437.0725
16769,1.79116666666667,1.5000000051910818,47437.514
16770,1.702,1.4999999916912474,47437.541
16773,1.74333333333333,1.5000000029607834,47437.715
16776,1.79680555555556,1.5000000043676656,47437.9375
16778,1.77983333333333,1.4999999976694238,47437.9525
16779,1.76072222222222,1.499999999254295,47438.12
16781,1.7555,1.5000000060862049,47438.269
16784,1.78483333333333,1.5000000063797574,47438.465
16787,1.77702777777778,1.4999999990760882,47438.674
16789,1.79,1.4999999996846585,47438.7155
16793,1.75011111111111,1.5000000014889627,47438.8735
16805,1.84183333333333,1.500000001298298,47439.2215
16813,1.804,1.5000000019130044,47439.401
16822,1.75094444444444,1.5000000014857304,47439.965
16827,1.76366666666667,1.4999999992949118,47440.231
16828,1.77900925925926,1.499999997018986,47440.356
16829,1.76,1.4999999995913254,47440.4365
16838,1.67466666666667,1.4999999983926002,47441.146
16840,1.682,1.4999999957182102,47441.19899999999
16841,1.70916666666667,1.5000000065739505,47441.2235
16842,1.7465,1.500000001931826,47441.24249999999
16845,1.71161111111111,1.4999999991611792,47441.4595
16847,1.7117962962963,1.5000000095738704,47441.480500000005
16850,1.673,1.5000000061411318,47441.5375
16851,1.68166666666667,1.5000000074696267,47441.6645
16852,1.688,1.499999998528402,47441.6355
16853,1.642,1.4999999996071194,47441.7745
16854,1.621,1.499999993263854,47441.7775
16855,1.667,1.500000003883619,47441.7745
16857,1.627,1.499999993269977,47441.9055
16860,1.651,1.499999999000796,47442.037500000006
16866,1.70986805555556,1.4999999970633977,47442.461500000005
16867,1.71891666666667,1.5000000068234485,47442.5005
16868,1.72433333333333,1.5000000035520602,47442.617
16870,1.735125,1.5000000060215903,47442.6165
16871,1.7835,1.50000000063409,47442.7065
16873,1.74570833333333,1.5000000023886069,47442.840500000006
16876,1.75275,1.5000000034762726,47443.0095
16877,1.76544444444444,1.5000000074949584,47443.108
16878,1.78733333333333,1.5000000033503462,47443.059
16879,1.81,1.49999999849767,47443.0655
16887,1.84994444444444,1.500000001731903,47443.2715
16888,1.829125,1.500000001874464,47443.2885
16891,1.8985,1.5000000043281911,47443.3045
16893,1.90207407407407,1.499999999923597,47443.2635
16895,1.91633333333333,1.5000000001788738,47443.2255
16900,1.90125,1.4999999977517997,47443.4835
16901,1.95255555555556,1.4999999988280748,47443.458
16910,2.0045,1.5000000042962192,47443.692500000005
16911,2.04033333333333,1.500000002075695,47443.7415
16912,1.99225,1.4999999938066093,47443.7635
16929,2.08355555555556,1.4999999972731797,47444.666
16932,2.09266666666667,1.50000000019771,47444.9225
16933,2.08266666666667,1.4999999955883017,47444.8675
16935,2.09835185185185,1.5000000038831358,47445.03
16937,2.08733333333333,1.5000000017947153,47445.2165
16942,2.082,1.4999999987918733,47445.4445
16955,2.038,1.4999999976717917,47446.2515
16960,2.07475,1.5000000065885823,47446.2865
16962,2.08025,1.499999998062182,47446.4665
16967,2.09,1.5000000019784865,47446.667
16968,2.07883333333333,1.499999997956041,47446.871
16969,2.06025,1.5000000004281608,47446.8725
16972,2.04383333333333,1.5000000061287369,47447.006
16975,2.09354166666667,1.5000000052390954,47447.2995
16976,2.06966666666667,1.4999999942293047,47447.4095
16977,2.091875,1.4999999952923653,47447.323
16982,2.11725,1.5000000043874102,47447.628
16983,2.0795,1.5000000067557435,47447.642
17035,2.66983333333333,1.4999999966540916,47448.234
17113,3.19116666666667,1.4999999935083692,47454.1145
17142,3.50533333333333,1.4999999972338556,47455.4945
17152,3.53016666666667,1.5000000009048766,47455.817500000005
17204,4.11933333333333,1.4999999965782482,47458.5115
17228,4.35116666666667,1.5000000011898642,47459.67
17229,4.41379166666667,1.499999999202997,47459.8235
17242,4.56516666666667,1.500000007449832,47460.466
17280,4.968,1.499999995735517,47462.2475
17281,4.99466666666667,1.4999999970907416,47462.3325
17289,5.05833333333333,1.5000000061069272,47462.821
17312,5.222,1.4999999964626458,47463.9605
17354,5.569,1.4999999985056358,47466.45849999999
17355,5.538,1.5000000007172665,47466.4475
17356,5.575,1.5000000029653215,47466.508
17358,5.591,1.499999996214674,47466.7235
17361,5.68,1.5000000031472334,47466.7715
17362,5.665,1.4999999904370684,47466.8435
17364,5.73225,1.4999999935099162,47466.839
17368,5.7755,1.4999999942504914,47467.1525
17370,5.81325,1.500000002569107,47467.301
17371,5.8185,1.4999999927486238,47467.3505
17372,5.868,1.4999999973370386,47467.3405
17373,5.84022222222222,1.50000000131391,47467.5595
17374,5.877,1.5000000005358267,47467.564
17377,5.91731481481481,1.500000002349753,47467.72
17379,5.93033333333333,1.5000000008995822,47467.68
17383,5.99395987654321,1.4999999976329998,47467.9015
17402,6.16816666666667,1.499999996224462,47468.458
17447,6.344,1.5000000075394848,47470.5125
17456,6.55416666666667,1.4999999968258806,47470.9135
17466,6.62083333333333,1.499999999206557,47471.2245
17468,6.65333333333334,1.500000000383845,47471.454
17470,6.681,1.49999999791159,47471.3625
17499,6.989,1.499999998334968,47471.8955
17530,7.130625,1.5000000043216772,47472.4175
17532,7.0715,1.499999992884864,47472.463
17540,7.064,1.5000000076330395,47472.461
17550,7.12725,1.500000004387233,47472.8175
17576,7.208,1.5000000038501318,47474.576
17629,7.55716666666667,1.500000000243967,47477.312
17647,7.57866666666667,1.500000001552951,47478.3255
17700,7.97016666666667,1.4999999952360137,47481.048
17736,8.0855,1.5000000032467258,47482.1785
17772,8.156,1.500000002042973,47483.0765
17817,8.26333333333333,1.499999996749288,47484.554
17827,8.274,1.5000000014284307,47484.593
17934,8.2105,1.4999999958382784,47487.011
17944,8.2145,1.4999999927917511,47487.0065
18055,8.10366666666667,1.4999999994549953,47488.89750000001
18068,8.11483333333333,1.4999999930854124,47488.892
18074,8.12933333333333,1.5000000027334397,47488.9625
18100,8.29441666666667,1.4999999934301196,47489.252
18326,7.06825,1.5000000052011015,47490.5355
18334,7.00133333333334,1.499999993200057,47490.363
18356,6.838,1.4999999996609896,47490.5855
18447,6.003,1.5000000001900904,47491.3325
18452,5.97366666666667,1.499999998422277,47491.2385
18468,5.809,1.4999999993697326,47491.2165
18472,5.748,1.5000000047008024,47491.206000000006
18476,5.689,1.49999999585657,47491.2245
18483,5.597,1.5000000002141085,47491.2635
18491,5.554,1.4999999992446842,47491.303
18492,5.523,1.4999999986357209,47491.3335
18494,5.529,1.500000003373047,47491.342
18498,5.486,1.4999999986780008,47491.327000000005
18586,4.91033333333333,1.4999999958896904,47491.0585
18643,4.498,1.4999999960098245,47490.765
18653,4.40133333333333,1.4999999930872838,47490.6515
18894,3.289,1.5000000005512062,47487.7135
18904,3.17725,1.500000003270235,47487.775
18908,3.158,1.4999999995217257,47487.590500000006
18952,3.169,1.5000000017257715,47486.9515
19002,2.9265,1.4999999980053504,47486.4625
19030,2.80475,1.5000000018225643,47485.6885
19040,2.83566666666667,1.4999999989961963,47485.6585
19053,2.9325,1.499999998895208,47485.364
19067,2.92883333333333,1.4999999997496445,47485.096000000005
19161,2.58883333333333,1.49999999305442,47483.5545
19209,2.61216666666667,1.4999999923702807,47482.313
19249,2.4065,1.5000000034717376,47481.6315
19259,2.33875,1.4999999982245618,47481.433000000005
19275,2.30516666666667,1.5000000032905316,47480.889500000005
19276,2.24604166666667,1.4999999964826525,47480.8665
19280,2.20533333333333,1.4999999935494603,47480.8915
19300,2.30383333333333,1.4999999997346567,47480.2765
19397,2.01566666666667,1.5000000046456086,47478.1935
19398,2.01383333333333,1.5000000019479165,47478.258
19399,2.021,1.5000000008673142,47478.167
19402,2.01516666666667,1.500000001557113,47478.1965
19419,2.098,1.500000001486486,47477.335
19420,2.089,1.5000000008385357,47477.398
19429,2.12516666666667,1.4999999955544463,47477.0465
19466,2.08383333333333,1.5000000032564662,47475.947
19491,2.0925,1.4999999955918597,47475.341
19492,2.0855,1.4999999993229205,47475.283
19571,2.182,1.4999999920926013,47473.5815
19661,2.5175,1.4999999988344517,47470.865
19667,2.48016666666667,1.499999994740518,47470.5955
19671,2.5475,1.4999999952235152,47470.450500000006
19674,2.531125,1.4999999920993954,47470.5405
19677,2.5525,1.5000000045226165,47470.29
19680,2.55625,1.5000000030312963,47470.3075
19681,2.5815,1.49999999402899,47470.228
19747,2.754,1.500000003808261,47467.888
19751,2.76475,1.500000005435421,47467.759000000005
19755,2.78175,1.500000000777765,47467.611
19765,2.82983333333333,1.4999999996824835,47467.313
19836,3.419,1.499999994352397,47465.03
19851,3.52583333333333,1.49999999578035,47464.2515
19885,3.72116666666667,1.499999999729799,47462.812000000005
19897,3.77475,1.5000000071281865,47462.538
19901,3.794,1.5000000003107652,47462.1865
19917,3.90225,1.4999999993943365,47461.9755
19924,3.9465,1.5000000025566724,47461.7295
19927,3.98775,1.4999999978299232,47461.567500000005
19930,4.024125,1.499999998644331,47461.417
19931,4.0795,1.5000000028495208,47461.441
19933,4.0915,1.5000000026914118,47461.2335
19974,4.503,1.5000000034695662,47459.697
20000,4.51583333333333,1.5000000037276977,47458.927500000005
20034,4.6665,1.4999999954461158,47457.808000000005
20039,4.6815,1.5000000056316805,47457.716
20055,4.74716666666667,1.5000000004149172,47457.0765
20132,5.3065,1.5000000048424262,47453.7605
20133,5.292,1.50000000905623,47453.776
20136,5.31983333333333,1.5000000003138148,47453.6825
20181,5.32883333333333,1.4999999967858333,47451.6235
20204,5.45838888888889,1.5000000002888685,47450.921
20210,5.50233333333333,1.5000000015232122,47450.655
20220,5.51633333333333,1.4999999974709446,47449.945
20226,5.628,1.499999992854187,47449.508
20231,5.64416666666667,1.4999999947306977,47449.376
20236,5.658,1.4999999965283892,47449.092
20269,5.6045,1.5000000049710396,47447.964
20292,5.507,1.5000000002164038,47446.7935
20309,5.72,1.4999999988697077,47446.328
20311,5.726,1.4999999926819962,47446.27250000001
20314,5.794,1.5000000013190349,47445.991
20316,5.8,1.5000000073231134,47445.9545
20333,5.99133333333333,1.499999996942443,47445.086
20360,6.1255,1.4999999950345144,47443.701
20409,6.379,1.500000008635068,47441.6435
20417,6.351,1.5000000014370105,47441.122
20418,6.36675,1.4999999958366057,47441.15
20449,6.48975,1.4999999954180323,47439.592
20461,6.567,1.5000000011370016,47439.077
20466,6.597,1.499999997630336,47438.797000000006
20467,6.60716666666667,1.500000007908966,47438.7465
20570,6.93033333333333,1.499999995309591,47433.196500000005
20576,6.95966666666667,1.5000000012732302,47432.7965
20594,7.036,1.5000000020074398,47432.0495
20618,7.0925,1.4999999949726053,47430.8375
20666,7.27533333333333,1.5000000037557293,47428.5235
20673,7.351,1.5000000078903548,47428.055
20700,7.56216666666667,1.500000001604374,47426.9465
20721,7.59133333333333,1.5000000026897091,47425.8965
20744,7.56616666666667,1.5000000015298176,47425.214
20750,7.53683333333333,1.4999999959521626,47424.836
20789,7.71266666666667,1.4999999954835823,47423.226
20822,7.90933333333333,1.4999999932567818,47421.4695
20874,7.9295,1.500000006420222,47419.3885
20973,8.2845,1.4999999977075518,47414.9025
21042,8.32916666666667,1.5000000004275238,47412.0625
21047,8.35433333333333,1.5000000001395668,47411.8415
21057,8.47516666666667,1.4999999968217008,47411.4765
