track_id,source_file,method,input_dir,signal_column,num_samples,signal_mean,signal_std,background_std,residual_mean,residual_std,residual_rms,peak_abs_residual,response_mean,response_std,peak_response,baseline_family,background_window,background_method,wavelet_name,wavelet_level,wavelet_threshold,mirror_pad_size,denoised_delta_rms,hankel_window,lambda_value,pcp_iterations,pcp_final_rel_error,pcp_estimated_rank,reconstruction_error,num_imfs,keep_imfs,num_modes,keep_modes,lowest_center_frequency,highest_center_frequency,basis_type,basis_order,ridge_lambda
A1-10.1_preprocessed,A1-10.1_preprocessed__single_channel.csv,total_field_highpass,D:\桌面\朝闻道\202604\华堪数据\实验代码\data\processed\single_channel,signal,27509,47327.831561416264,64.18806829142939,64.15659122369583,0.08956855938047249,3.4492261471896484,3.4503888971080117,188.75,2.2227707416115052,4.809262707168442,63.54460624521237,highpass,301.0,median,,,,,,,,,,,,,,,,,,,,
A1-11.1_preprocessed,A1-11.1_preprocessed__single_channel.csv,total_field_highpass,D:\桌面\朝闻道\202604\华堪数据\实验代码\data\processed\single_channel,signal,22205,47324.3246881333,62.401951258838565,62.40438189577369,-0.012371470389584699,0.7566356716890857,0.756736805601521,23.810499999999593,2.8195970228974447,11.760090593641618,256.03615520406106,highpass,301.0,median,,,,,,,,,,,,,,,,,,,,
A1-13.1_preprocessed,A1-13.1_preprocessed__single_channel.csv,total_field_highpass,D:\桌面\朝闻道\202604\华堪数据\实验代码\data\processed\single_channel,signal,22296,47385.57036315931,58.884577737169344,58.209143628656776,0.2895949497667721,7.760594698636483,7.765996092674467,365.453499999996,8.190438948528396,181.89267276559673,9271.835980046453,highpass,301.0,median,,,,,,,,,,,,,,,,,,,,
A1-14.1_preprocessed,A1-14.1_preprocessed__single_channel.csv,total_field_highpass,D:\桌面\朝闻道\202604\华堪数据\实验代码\data\processed\single_channel,signal,8728,47345.13846282081,64.47016866505582,64.32130085705744,-0.13239931828594734,3.3405580077051242,3.3431807283372246,128.8969999999972,3.076417002692761,23.696961613659077,803.1774392356014,highpass,301.0,median,,,,,,,,,,,,,,,,,,,,
A1-15.1_preprocessed,A1-15.1_preprocessed__single_channel.csv,total_field_highpass,D:\桌面\朝闻道\202604\华堪数据\实验代码\data\processed\single_channel,signal,27940,47335.822255762345,60.12764248506554,60.1383011952524,0.012292242304974206,0.6117935719365775,0.6119170482049021,14.021999999997206,1.9477087834784896,4.7329999534391805,79.73505319934007,highpass,301.0,median,,,,,,,,,,,,,,,,,,,,
A1-16.1_preprocessed,A1-16.1_preprocessed__single_channel.csv,total_field_highpass,D:\桌面\朝闻道\202604\华堪数据\实验代码\data\processed\single_channel,signal,21424,47363.788944104745,65.19537467712472,65.07562297754966,-0.10948264796493865,3.1304973385356165,3.132411217701787,118.30199999999604,3.3796239311647014,16.993796655213032,660.7962911221944,highpass,301.0,median,,,,,,,,,,,,,,,,,,,,
A1-17.1_preprocessed,A1-17.1_preprocessed__single_channel.csv,total_field_highpass,D:\桌面\朝闻道\202604\华堪数据\实验代码\data\processed\single_channel,signal,1936,47340.415016270665,52.98488136090471,51.10824677874427,0.7800506198342296,7.988436892316395,8.026431520422097,56.98150000000169,7.475747743999698,25.318262448932863,196.10629143823164,highpass,301.0,median,,,,,,,,,,,,,,,,,,,,
A1-18.1_preprocessed,A1-18.1_preprocessed__single_channel.csv,total_field_highpass,D:\桌面\朝闻道\202604\华堪数据\实验代码\data\processed\single_channel,signal,20036,47384.59730999201,62.781410407000735,62.734989835522256,0.061623926931504015,3.583833555394054,3.5843633271668836,200.57850000000326,1.97324064414837,6.8552956354035475,123.67192769273275,highpass,301.0,median,,,,,,,,,,,,,,,,,,,,
A1-19.1_preprocessed,A1-19.1_preprocessed__single_channel.csv,total_field_highpass,D:\桌面\朝闻道\202604\华堪数据\实验代码\data\processed\single_channel,signal,3317,47381.21892447996,62.988178145926724,62.67264277323046,0.002701839011327807,2.8297620823320178,2.829763372181158,32.55949999999575,6.041562376108489,15.966963530951087,115.88589226542007,highpass,301.0,median,,,,,,,,,,,,,,,,,,,,
A1-2.1_preprocessed,A1-2.1_preprocessed__single_channel.csv,total_field_highpass,D:\桌面\朝闻道\202604\华堪数据\实验代码\data\processed\single_channel,signal,19417,47330.99262901065,64.28820162657205,64.29323730506003,0.028762205798893947,1.2694019148464988,1.2697277211663829,32.90400000000227,2.9738183133634406,5.786184380373978,52.550073647633546,highpass,301.0,median,,,,,,,,,,,,,,,,,,,,
A1-20.1_preprocessed,A1-20.1_preprocessed__single_channel.csv,total_field_highpass,D:\桌面\朝闻道\202604\华堪数据\实验代码\data\processed\single_channel,signal,1725,47349.45495130435,51.89425850316468,52.11785701814548,-0.09496000000037358,8.379302072013498,8.379840130673722,60.32650000000285,7.776214287228208,19.145350832506193,101.55532200037624,highpass,301.0,median,,,,,,,,,,,,,,,,,,,,
A1-21.1_preprocessed,A1-21.1_preprocessed__single_channel.csv,total_field_highpass,D:\桌面\朝闻道\202604\华堪数据\实验代码\data\processed\single_channel,signal,1437,47363.66825748087,71.0036512856073,69.4601907761066,-1.4790539318023987,5.071371605371985,5.282651842867685,22.552499999997963,23.68295105337275,67.63697270085,437.00133200386455,highpass,301.0,median,,,,,,,,,,,,,,,,,,,,
A1-22.1_preprocessed,A1-22.1_preprocessed__single_channel.csv,total_field_highpass,D:\桌面\朝闻道\202604\华堪数据\实验代码\data\processed\single_channel,signal,6907,47289.77958838859,9.782856528385357,9.792479241807598,0.038668307514209126,0.8017457073936843,0.8026776546847513,12.601999999998952,2.782733269771202,4.723049922182357,60.577291171070335,highpass,301.0,median,,,,,,,,,,,,,,,,,,,,
A1-23.1_preprocessed,A1-23.1_preprocessed__single_channel.csv,total_field_highpass,D:\桌面\朝闻道\202604\华堪数据\实验代码\data\processed\single_channel,signal,5098,47369.53643732836,62.375249603170445,62.37759554151154,0.009200912122406651,1.119272026505177,1.119309843654066,24.220000000001164,1.7978024024098656,4.9986407896976575,88.21871308870055,highpass,301.0,median,,,,,,,,,,,,,,,,,,,,
A1-25.1_preprocessed,A1-25.1_preprocessed__single_channel.csv,total_field_highpass,D:\桌面\朝闻道\202604\华堪数据\实验代码\data\processed\single_channel,signal,5077,47351.06992741777,56.04158921223891,56.26430514905117,-0.1987081938155194,2.4181359569187997,2.426286556125023,30.57800000000134,3.3699984780354106,4.861470655633015,37.87633050439342,highpass,301.0,median,,,,,,,,,,,,,,,,,,,,
A1-26.1_preprocessed,A1-26.1_preprocessed__single_channel.csv,total_field_highpass,D:\桌面\朝闻道\202604\华堪数据\实验代码\data\processed\single_channel,signal,1227,47263.99233863081,40.30067941313381,30.259582796301586,2.4655244498778086,14.385506987977456,14.595260261951259,73.12199999999575,8.052473212396453,13.90591790662094,87.73109132011491,highpass,301.0,median,,,,,,,,,,,,,,,,,,,,
A1-27.1_preprocessed,A1-27.1_preprocessed__single_channel.csv,total_field_highpass,D:\桌面\朝闻道\202604\华堪数据\实验代码\data\processed\single_channel,signal,26256,47325.45195640997,53.046539006075,53.034575105521526,-0.04964418609059882,1.3430477166462869,1.3439649230546915,38.96950000000652,5.082136472803723,33.82661584069993,1080.3832589459043,highpass,301.0,median,,,,,,,,,,,,,,,,,,,,
A1-29.1_preprocessed,A1-29.1_preprocessed__single_channel.csv,total_field_highpass,D:\桌面\朝闻道\202604\华堪数据\实验代码\data\processed\single_channel,signal,25614,47316.54771376982,52.545298904970345,52.52359046387871,-0.031074422190989007,0.9441273601717723,0.9446386038795066,36.642500000001746,2.4369206904902594,6.519346342681876,101.39051808535508,highpass,301.0,median,,,,,,,,,,,,,,,,,,,,
A1-3.1_preprocessed,A1-3.1_preprocessed__single_channel.csv,total_field_highpass,D:\桌面\朝闻道\202604\华堪数据\实验代码\data\processed\single_channel,signal,27104,47351.17085671857,65.52520888138146,65.52235993967379,-0.018880534238533794,0.7281167580023151,0.7283615090440558,19.59900000000198,5.29542533144311,29.61621815800936,1080.0459718791235,highpass,301.0,median,,,,,,,,,,,,,,,,,,,,
A1-30.1_preprocessed,A1-30.1_preprocessed__single_channel.csv,total_field_highpass,D:\桌面\朝闻道\202604\华堪数据\实验代码\data\processed\single_channel,signal,6501,47321.648978695586,45.9089853137576,46.09519824099693,-0.2441382864175028,3.3888554683763537,3.3976381338275545,59.93649999999616,4.128165230330169,11.786341961422758,254.66932862788957,highpass,301.0,median,,,,,,,,,,,,,,,,,,,,
A1-31.1_preprocessed,A1-31.1_preprocessed__single_channel.csv,total_field_highpass,D:\桌面\朝闻道\202604\华堪数据\实验代码\data\processed\single_channel,signal,6830,47365.41532510982,54.625719437217946,54.63696040062358,-0.11560413616390973,2.2242516293301606,2.227253830814099,16.315999999998894,4.4375328267304885,6.966602875813491,72.66291049886745,highpass,301.0,median,,,,,,,,,,,,,,,,,,,,
A1-32.1_preprocessed,A1-32.1_preprocessed__single_channel.csv,total_field_highpass,D:\桌面\朝闻道\202604\华堪数据\实验代码\data\processed\single_channel,signal,3913,47387.159819575776,52.621148499593,51.85649262938389,-0.2506783797601146,7.260268305006738,7.26459465564078,290.0665000000008,4.312922835154774,12.429264040041684,153.76521626322057,highpass,301.0,median,,,,,,,,,,,,,,,,,,,,
A1-4.1_preprocessed,A1-4.1_preprocessed__single_channel.csv,total_field_highpass,D:\桌面\朝闻道\202604\华堪数据\实验代码\data\processed\single_channel,signal,26988,47326.33081573292,66.8450195681527,66.84676059629707,0.010194743960382486,0.835743144741806,0.8358053223013963,30.272500000006403,3.182746297326922,15.797214693916793,495.1684212321382,highpass,301.0,median,,,,,,,,,,,,,,,,,,,,
A1-5.1_preprocessed,A1-5.1_preprocessed__single_channel.csv,total_field_highpass,D:\桌面\朝闻道\202604\华堪数据\实验代码\data\processed\single_channel,signal,28967,47342.61502720337,66.80818150167894,66.98215375360438,-0.08460379915074513,1.911784143929798,1.9136552499894364,58.66350000000239,10.516011467282281,105.70254843268899,3350.7196610950277,highpass,301.0,median,,,,,,,,,,,,,,,,,,,,
A1-6.1_preprocessed,A1-6.1_preprocessed__single_channel.csv,total_field_highpass,D:\桌面\朝闻道\202604\华堪数据\实验代码\data\processed\single_channel,signal,25024,47343.69338758791,65.13787690882785,65.11395444239899,-0.011840463155339343,0.9143318887146996,0.9144085516268549,30.92949999999837,4.023477199646268,20.946187012487993,699.9801184672201,highpass,301.0,median,,,,,,,,,,,,,,,,,,,,
A1-6.2_preprocessed,A1-6.2_preprocessed__single_channel.csv,total_field_highpass,D:\桌面\朝闻道\202604\华堪数据\实验代码\data\processed\single_channel,signal,18873,47339.83626296826,65.92722247349494,65.89818685606033,-0.006819821967929631,2.0561190141211565,2.056130324226126,82.44350000000122,8.267331132543061,51.78833640427645,1333.9752842699406,highpass,301.0,median,,,,,,,,,,,,,,,,,,,,
A1-7.1_preprocessed,A1-7.1_preprocessed__single_channel.csv,total_field_highpass,D:\桌面\朝闻道\202604\华堪数据\实验代码\data\processed\single_channel,signal,27273,47346.636747222525,66.09618959497318,66.00315189871782,0.15313454698775128,4.566277800404783,4.568844836493213,171.58550000000105,4.919649327690971,35.06946661139439,3029.905227299405,highpass,301.0,median,,,,,,,,,,,,,,,,,,,,
A1-8.1_preprocessed,A1-8.1_preprocessed__single_channel.csv,total_field_highpass,D:\桌面\朝闻道\202604\华堪数据\实验代码\data\processed\single_channel,signal,23266,47392.331283955136,63.71691379870818,63.70783972064409,-0.007814579214317517,1.2155940238829008,1.215619142062233,37.66900000000169,2.472884425974587,6.086402900661463,74.66199753891206,highpass,301.0,median,,,,,,,,,,,,,,,,,,,,
A1-9.1_preprocessed,A1-9.1_preprocessed__single_channel.csv,total_field_highpass,D:\桌面\朝闻道\202604\华堪数据\实验代码\data\processed\single_channel,signal,24353,47323.120894817876,60.91123414575416,60.897099497771165,-0.02209495750022947,0.6853069234581667,0.6856630123366977,15.920500000000175,2.553430564589859,5.436329639403275,97.84286250999251,highpass,301.0,median,,,,,,,,,,,,,,,,,,,,
A1-10.1_preprocessed,A1-10.1_preprocessed__single_channel.csv,wavelet_denoise,D:\桌面\朝闻道\202604\华堪数据\实验代码\data\processed\single_channel,signal,27509,47327.831561416264,64.18806829142939,64.1250526476709,-0.00015665354202928306,2.8376623311108364,2.8376623354348762,150.79284096296033,0.9058896408077827,1.145017683378832,30.216739076153566,wavelet,,,db4,6.0,0.22062112858930655,800.0,0.07826583742773156,,,,,,,,,,,,,,,
A1-11.1_preprocessed,A1-11.1_preprocessed__single_channel.csv,wavelet_denoise,D:\桌面\朝闻道\202604\华堪数据\实验代码\data\processed\single_channel,signal,22205,47324.3246881333,62.401951258838565,62.39896797869994,-0.0001360033817926759,0.5595621515686002,0.5595621680966298,20.171307232623803,0.9338404692489002,0.8173409755209831,14.182020222013929,wavelet,,,db4,6.0,0.21949647435229555,800.0,0.07800748118115869,,,,,,,,,,,,,,,
A1-13.1_preprocessed,A1-13.1_preprocessed__single_channel.csv,wavelet_denoise,D:\桌面\朝闻道\202604\华堪数据\实验代码\data\processed\single_channel,signal,22296,47385.57036315931,58.884577737169344,58.502860198108856,-0.0001546533926304549,6.684294266342577,6.684294268131671,307.744247533672,1.0650478086348887,1.9176705760384012,198.54545003647584,wavelet,,,db4,6.0,0.22419504041523464,800.0,0.0802490675549114,,,,,,,,,,,,,,,
A1-14.1_preprocessed,A1-14.1_preprocessed__single_channel.csv,wavelet_denoise,D:\桌面\朝闻道\202604\华堪数据\实验代码\data\processed\single_channel,signal,8728,47345.13846282081,64.47016866505582,64.38939866543804,-0.0003039384619598079,3.2077506992806386,3.2077507136799164,118.12327203671157,1.0426165702496317,1.163382673503108,17.9679799793949,wavelet,,,db4,6.0,0.24419480034437271,800.0,0.11500060560340541,,,,,,,,,,,,,,,
A1-15.1_preprocessed,A1-15.1_preprocessed__single_channel.csv,wavelet_denoise,D:\桌面\朝闻道\202604\华堪数据\实验代码\data\processed\single_channel,signal,27940,47335.822255762345,60.12764248506554,60.125738976277084,-9.34813297438788e-05,0.4534710446327981,0.45347105426820816,11.95013080460194,0.8001118660121969,0.6451237838172518,9.47397605897923,wavelet,,,db4,6.0,0.22491365867003466,800.0,0.07673323555822616,,,,,,,,,,,,,,,
A1-16.1_preprocessed,A1-16.1_preprocessed__single_channel.csv,wavelet_denoise,D:\桌面\朝闻道\202604\华堪数据\实验代码\data\processed\single_channel,signal,21424,47363.788944104745,65.19537467712472,65.14809463715262,-0.00022165610877359756,2.4731074614934485,2.473107471426585,91.12571270876651,0.9594965949075795,0.9322431911411531,14.195904966579256,wavelet,,,db4,6.0,0.23442437434122543,800.0,0.07750511148426018,,,,,,,,,,,,,,,
A1-17.1_preprocessed,A1-17.1_preprocessed__single_channel.csv,wavelet_denoise,D:\桌面\朝闻道\202604\华堪数据\实验代码\data\processed\single_channel,signal,1936,47340.415016270665,52.98488136090471,52.857754345131816,0.03213195649653822,2.7924306174836833,2.7926154794544487,24.567016021457675,0.8267027242142283,0.563475534172295,3.6196003704326425,wavelet,,,db4,6.0,0.3412413820658687,800.0,0.19129209105857015,,,,,,,,,,,,,,,
A1-18.1_preprocessed,A1-18.1_preprocessed__single_channel.csv,wavelet_denoise,D:\桌面\朝闻道\202604\华堪数据\实验代码\data\processed\single_channel,signal,20036,47384.59730999201,62.781410407000735,62.701762634313056,2.545489737225548e-05,3.151137146671708,3.1511371467745204,166.05973759154585,0.9622945767095036,0.914639727565391,15.29538372885399,wavelet,,,db4,6.0,0.22476676159413259,800.0,0.07991680878209821,,,,,,,,,,,,,,,
A1-19.1_preprocessed,A1-19.1_preprocessed__single_channel.csv,wavelet_denoise,D:\桌面\朝闻道\202604\华堪数据\实验代码\data\processed\single_channel,signal,3317,47381.21892447996,62.988178145926724,62.9440480346932,-0.001108160398881276,2.29070880092144,2.290709068964981,27.926622497892822,0.8200191193845416,0.6674746624548791,4.922231937764012,wavelet,,,db4,6.0,0.3092458433996417,800.0,0.1690816219560604,,,,,,,,,,,,,,,
A1-2.1_preprocessed,A1-2.1_preprocessed__single_channel.csv,wavelet_denoise,D:\桌面\朝闻道\202604\华堪数据\实验代码\data\processed\single_channel,signal,19417,47330.99262901065,64.28820162657205,64.28273445087736,-0.0002048765962102579,0.8221409972636423,0.8221410227911485,16.44779180212936,0.818682902097463,0.7193934037536394,8.377244920562013,wavelet,,,db4,6.0,0.22141037472103567,800.0,0.07365600744745036,,,,,,,,,,,,,,,
A1-20.1_preprocessed,A1-20.1_preprocessed__single_channel.csv,wavelet_denoise,D:\桌面\朝闻道\202604\华堪数据\实验代码\data\processed\single_channel,signal,1725,47349.45495130435,51.89425850316468,51.75669124583586,0.029926389251376733,3.1855081671084395,3.1856487363625314,17.68500956632488,0.820554930065271,0.6053799074036863,4.424536828385498,wavelet,,,db4,6.0,0.31333531256551245,800.0,0.17280217700441403,,,,,,,,,,,,,,,
A1-21.1_preprocessed,A1-21.1_preprocessed__single_channel.csv,wavelet_denoise,D:\桌面\朝闻道\202604\华堪数据\实验代码\data\processed\single_channel,signal,1437,47363.66825748087,71.0036512856073,70.95549950008613,-0.0006063812934276589,2.494851569855106,2.4948516435465176,16.294386551766365,0.9458727834621116,0.7683836285184018,5.02458161449753,wavelet,,,db4,6.0,0.43353135012047034,800.0,0.258562685667061,,,,,,,,,,,,,,,
A1-22.1_preprocessed,A1-22.1_preprocessed__single_channel.csv,wavelet_denoise,D:\桌面\朝闻道\202604\华堪数据\实验代码\data\processed\single_channel,signal,6907,47289.77958838859,9.782856528385357,9.762238869646072,-5.947389811140799e-05,0.614849060781108,0.6148490636575412,9.691963913865038,0.8830516882033356,0.6930529295881513,10.42311169614105,wavelet,,,db4,6.0,0.20561795761662627,800.0,0.06978006871311539,,,,,,,,,,,,,,,
A1-23.1_preprocessed,A1-23.1_preprocessed__single_channel.csv,wavelet_denoise,D:\桌面\朝闻道\202604\华堪数据\实验代码\data\processed\single_channel,signal,5098,47369.53643732836,62.375249603170445,62.36615392297225,-0.0009000091293340806,1.0331474342877833,1.0331478263016685,18.506760049509467,0.9519460184306705,0.9652826157050707,13.913283467403632,wavelet,,,db4,6.0,0.2591382340013025,800.0,0.13295535606211376,,,,,,,,,,,,,,,
A1-25.1_preprocessed,A1-25.1_preprocessed__single_channel.csv,wavelet_denoise,D:\桌面\朝闻道\202604\华堪数据\实验代码\data\processed\single_channel,signal,5077,47351.06992741777,56.04158921223891,56.01111759790484,0.0036368564580047153,1.730204740743058,1.7302085630393373,14.498079724980926,0.8059106276549755,0.5942583108859341,4.638735530862994,wavelet,,,db4,6.0,0.26965668999249126,800.0,0.1393423414188917,,,,,,,,,,,,,,,
A1-26.1_preprocessed,A1-26.1_preprocessed__single_channel.csv,wavelet_denoise,D:\桌面\朝闻道\202604\华堪数据\实验代码\data\processed\single_channel,signal,1227,47263.99233863081,40.30067941313381,39.52695556357175,0.2238211197781761,5.180542799430947,5.18537554960049,35.656028320037876,0.8422183917323957,0.6656579980249345,3.503594875293717,wavelet,,,db4,6.0,0.4109828660758068,800.0,0.23635738385773014,,,,,,,,,,,,,,,
A1-27.1_preprocessed,A1-27.1_preprocessed__single_channel.csv,wavelet_denoise,D:\桌面\朝闻道\202604\华堪数据\实验代码\data\processed\single_channel,signal,26256,47325.45195640997,53.046539006075,53.04171852034215,-0.00012638861116950437,0.7147996312813057,0.7147996424551231,15.793942383323156,0.7463602705327846,0.5875248440361475,10.73877855588882,wavelet,,,db4,6.0,0.2211224783486855,800.0,0.07007180301359997,,,,,,,,,,,,,,,
A1-29.1_preprocessed,A1-29.1_preprocessed__single_channel.csv,wavelet_denoise,D:\桌面\朝闻道\202604\华堪数据\实验代码\data\processed\single_channel,signal,25614,47316.54771376982,52.545298904970345,52.53958987096546,0.00017747679505853917,0.75732476966545,0.7573247904610279,31.347750192748208,0.8561988132323126,0.7824625342675378,16.76755259677465,wavelet,,,db4,6.0,0.2189947630311808,800.0,0.07455934078476212,,,,,,,,,,,,,,,
A1-3.1_preprocessed,A1-3.1_preprocessed__single_channel.csv,wavelet_denoise,D:\桌面\朝闻道\202604\华堪数据\实验代码\data\processed\single_channel,signal,27104,47351.17085671857,65.52520888138146,65.52359775104513,-0.00010403554972030137,0.4490586168914867,0.4490586289426922,13.056063318159431,0.8156128211663269,0.6116549478356023,5.919287592044795,wavelet,,,db4,6.0,0.23146947671772597,800.0,0.06772895243187212,,,,,,,,,,,,,,,
A1-30.1_preprocessed,A1-30.1_preprocessed__single_channel.csv,wavelet_denoise,D:\桌面\朝闻道\202604\华堪数据\实验代码\data\processed\single_channel,signal,6501,47321.648978695586,45.9089853137576,45.86094369004752,0.002671511842573895,2.0104822265822206,2.01048400152265,56.46792371812626,0.949781210313764,1.0125050466328633,18.217947018418496,wavelet,,,db4,6.0,0.25437901533270507,800.0,0.12423841933844178,,,,,,,,,,,,,,,
A1-31.1_preprocessed,A1-31.1_preprocessed__single_channel.csv,wavelet_denoise,D:\桌面\朝闻道\202604\华堪数据\实验代码\data\processed\single_channel,signal,6830,47365.41532510982,54.625719437217946,54.61278309940465,-0.0012344939859428355,1.1854184456697239,1.1854190884701603,14.227707758276665,0.8723996799554343,0.7208128284863015,9.770907783898464,wavelet,,,db4,6.0,0.2677232771905118,800.0,0.13433418820893672,,,,,,,,,,,,,,,
A1-32.1_preprocessed,A1-32.1_preprocessed__single_channel.csv,wavelet_denoise,D:\桌面\朝闻道\202604\华堪数据\实验代码\data\processed\single_channel,signal,3913,47387.159819575776,52.621148499593,52.19401947363781,-0.005483179215984932,6.624270467208249,6.624272736533554,276.48034129469306,0.8524172590281326,0.7401039772493784,10.66152161845431,wavelet,,,db4,6.0,0.3268227269434062,800.0,0.17566797840067114,,,,,,,,,,,,,,,
A1-4.1_preprocessed,A1-4.1_preprocessed__single_channel.csv,wavelet_denoise,D:\桌面\朝闻道\202604\华堪数据\实验代码\data\processed\single_channel,signal,26988,47326.33081573292,66.8450195681527,66.84209916289038,-0.00025146498341816945,0.6067541133228845,0.606754165431831,24.520719649903185,0.818373571466617,0.6322699112687004,7.241928045305117,wavelet,,,db4,6.0,0.22220698156816637,800.0,0.07453155687750083,,,,,,,,,,,,,,,
A1-5.1_preprocessed,A1-5.1_preprocessed__single_channel.csv,wavelet_denoise,D:\桌面\朝闻道\202604\华堪数据\实验代码\data\processed\single_channel,signal,28967,47342.61502720337,66.80818150167894,66.80146744579328,-7.2691558177183e-05,0.9460960815549606,0.946096084347522,30.576823517418234,0.9403387129817766,1.0552397089820695,56.217062785936534,wavelet,,,db4,6.0,0.2317299131757005,800.0,0.06844815214129359,,,,,,,,,,,,,,,
A1-6.1_preprocessed,A1-6.1_preprocessed__single_channel.csv,wavelet_denoise,D:\桌面\朝闻道\202604\华堪数据\实验代码\data\processed\single_channel,signal,25024,47343.69338758791,65.13787690882785,65.13329469343653,-0.0001944727481352803,0.7729978327560451,0.7729978572190173,30.24846525882458,0.8904069537523314,0.7177476938571757,10.003697633211626,wavelet,,,db4,6.0,0.2264987151056206,800.0,0.06832418929443436,,,,,,,,,,,,,,,
A1-6.2_preprocessed,A1-6.2_preprocessed__single_channel.csv,wavelet_denoise,D:\桌面\朝闻道\202604\华堪数据\实验代码\data\processed\single_channel,signal,18873,47339.83626296826,65.92722247349494,65.89820898083408,-0.000271071436854358,1.9384302597189105,1.9384302786723198,78.74590225582506,0.8882120567103574,0.9160500076957118,30.070197986000952,wavelet,,,db4,6.0,0.21271617735036322,800.0,0.06504766946314831,,,,,,,,,,,,,,,
A1-7.1_preprocessed,A1-7.1_preprocessed__single_channel.csv,wavelet_denoise,D:\桌面\朝闻道\202604\华堪数据\实验代码\data\processed\single_channel,signal,27273,47346.636747222525,66.09618959497318,66.04397849686251,-0.00012911173517570106,2.622729077875206,2.6227290810531625,84.99803392500326,0.8964397710545766,0.7677143554971554,14.772790137944494,wavelet,,,db4,6.0,0.22726784923033402,800.0,0.07145868523180152,,,,,,,,,,,,,,,
A1-8.1_preprocessed,A1-8.1_preprocessed__single_channel.csv,wavelet_denoise,D:\桌面\朝闻道\202604\华堪数据\实验代码\data\processed\single_channel,signal,23266,47392.331283955136,63.71691379870818,63.70881245204291,-6.980004332291652e-05,1.000602994733031,1.000602997167586,29.182080689250142,0.9891432485456577,0.8483382217120299,10.193457455802681,wavelet,,,db4,6.0,0.23559119685105098,800.0,0.07753866059595002,,,,,,,,,,,,,,,
A1-9.1_preprocessed,A1-9.1_preprocessed__single_channel.csv,wavelet_denoise,D:\桌面\朝闻道\202604\华堪数据\实验代码\data\processed\single_channel,signal,24353,47323.120894817876,60.91123414575416,60.90903906567429,-0.00013913792231887287,0.5304441262312987,0.5304441444795553,13.611922209929617,0.7636311674730674,0.6379878124869534,11.64798951764631,wavelet,,,db4,6.0,0.22446668978771972,800.0,0.0731174037341571,,,,,,,,,,,,,,,
A1-10.1_preprocessed,A1-10.1_preprocessed__single_channel.csv,lowrank_sparse,D:\桌面\朝闻道\202604\华堪数据\实验代码\data\processed\single_channel,signal,27509,47327.831561416264,64.18806829142939,64.15101434598833,0.09355923645040115,3.2912332407053104,3.2925627671236226,184.200835749587,0.8283284551531561,0.9351993930122977,36.17399304681375,lowrank_sparse,,,,,,,,96.0,0.00603967814687968,18.0,7.644467656544193e-06,2.0,6.399438485862884e-06,,,,,,,,,
A1-11.1_preprocessed,A1-11.1_preprocessed__single_channel.csv,lowrank_sparse,D:\桌面\朝闻道\202604\华堪数据\实验代码\data\processed\single_channel,signal,22205,47324.3246881333,62.401951258838565,62.40837535579889,0.012590711398942021,0.5842227258665872,0.5843583827006479,22.945485133634065,1.0190815315962412,1.0860435457743236,18.20814055265751,lowrank_sparse,,,,,,,,96.0,0.00672520657209566,18.0,8.623583371945674e-06,2.0,6.3288195168537875e-06,,,,,,,,,
A1-13.1_preprocessed,A1-13.1_preprocessed__single_channel.csv,lowrank_sparse,D:\桌面\朝闻道\202604\华堪数据\实验代码\data\processed\single_channel,signal,22296,47385.57036315931,58.884577737169344,58.22408449111037,0.29744347661956755,7.52022450601952,7.526104519784462,359.29688918914326,0.9830823376111104,2.6112555647661915,109.21358163476962,lowrank_sparse,,,,,,,,96.0,0.006711409395973154,19.0,9.588885729618558e-06,2.0,7.859322936704681e-06,,,,,,,,,
A1-14.1_preprocessed,A1-14.1_preprocessed__single_channel.csv,lowrank_sparse,D:\桌面\朝闻道\202604\华堪数据\实验代码\data\processed\single_channel,signal,8728,47345.13846282081,64.47016866505582,64.28034620530033,-0.02585282273216483,3.273570565279099,3.273672649228224,125.51648456054681,1.0813028098455126,3.3199132325435903,101.1087698351154,lowrank_sparse,,,,,,,,96.0,0.010762647825142236,22.0,9.731057876048003e-06,3.0,8.019756267128866e-06,,,,,,,,,
A1-15.1_preprocessed,A1-15.1_preprocessed__single_channel.csv,lowrank_sparse,D:\桌面\朝闻道\202604\华堪数据\实验代码\data\processed\single_channel,signal,27940,47335.822255762345,60.12764248506554,60.12812296113364,0.004452773999048751,0.46075020640600983,0.460771722113529,13.46952382280142,0.8972753265645773,0.8405500579519027,13.772942398750677,lowrank_sparse,,,,,,,,96.0,0.005992753150382731,18.0,9.933974399296358e-06,2.0,7.110203719338446e-06,,,,,,,,,
A1-16.1_preprocessed,A1-16.1_preprocessed__single_channel.csv,lowrank_sparse,D:\桌面\朝闻道\202604\华堪数据\实验代码\data\processed\single_channel,signal,21424,47363.788944104745,65.19537467712472,65.07523368233052,-0.10849567769631764,2.9625110253815974,2.9644970716103445,116.81598413292522,0.9518722335275824,1.4744874951194675,36.09132527164903,lowrank_sparse,,,,,,,,96.0,0.006847227425667958,18.0,9.388734881980986e-06,2.0,7.5595083531186095e-06,,,,,,,,,
A1-17.1_preprocessed,A1-17.1_preprocessed__single_channel.csv,lowrank_sparse,D:\桌面\朝闻道\202604\华堪数据\实验代码\data\processed\single_channel,signal,1936,47340.415016270665,52.98488136090471,52.96864981211278,0.004721370904410059,0.9491496327747894,0.9491613754993059,16.84784289930394,0.9315072913906318,0.874692100604379,8.081757873704682,lowrank_sparse,,,,,,,,96.0,0.02330628783587717,25.0,1.3495946011701275e-05,5.0,1.1258552536588787e-05,,,,,,,,,
A1-18.1_preprocessed,A1-18.1_preprocessed__single_channel.csv,lowrank_sparse,D:\桌面\朝闻道\202604\华堪数据\实验代码\data\processed\single_channel,signal,20036,47384.59730999201,62.781410407000735,62.73579124237813,0.0845343628723576,3.5507219989547463,3.5517281388596484,199.8837131778928,1.0261905325045155,2.7509874765661873,130.42048911486842,lowrank_sparse,,,,,,,,96.0,0.007081520769751129,18.0,9.786453888509632e-06,2.0,7.963677533905318e-06,,,,,,,,,
A1-19.1_preprocessed,A1-19.1_preprocessed__single_channel.csv,lowrank_sparse,D:\桌面\朝闻道\202604\华堪数据\实验代码\data\processed\single_channel,signal,3317,47381.21892447996,62.988178145926724,62.797826474375036,0.10566929911949487,2.1775236204352697,2.1800860346165076,30.326837992834044,1.078671491087947,1.4944830804462144,20.762469572315926,lowrank_sparse,,,,,,,,96.0,0.01761721408605633,25.0,1.0819896901732673e-05,5.0,9.31849206417312e-06,,,,,,,,,
A1-2.1_preprocessed,A1-2.1_preprocessed__single_channel.csv,lowrank_sparse,D:\桌面\朝闻道\202604\华堪数据\实验代码\data\processed\single_channel,signal,19417,47330.99262901065,64.28820162657205,64.30448555533879,0.05163296588937495,1.0387543409831856,1.0400367993864188,29.296734542273043,0.7924874104658628,0.7100412425402484,9.838069389861431,lowrank_sparse,,,,,,,,96.0,0.00719405843472514,18.0,8.109475925737422e-06,2.0,6.712189340287688e-06,,,,,,,,,
A1-20.1_preprocessed,A1-20.1_preprocessed__single_channel.csv,lowrank_sparse,D:\桌面\朝闻道\202604\华堪数据\实验代码\data\processed\single_channel,signal,1725,47349.45495130435,51.89425850316468,51.933674366662935,-0.04961398296529323,1.4693301865739117,1.4701675906110183,12.16270588828047,1.0002165142772628,1.0653986792262964,9.864768773854143,lowrank_sparse,,,,,,,,96.0,0.024768870230903496,25.0,1.4349360160334053e-05,6.0,1.2318255614994447e-05,,,,,,,,,
A1-21.1_preprocessed,A1-21.1_preprocessed__single_channel.csv,lowrank_sparse,D:\桌面\朝闻道\202604\华堪数据\实验代码\data\processed\single_channel,signal,1437,47363.66825748087,71.0036512856073,70.97107632358609,-0.00022684197921525278,0.9885360336286728,0.9885360596556869,15.400093622054555,0.8939321640793514,0.905729932241753,8.963885124300198,lowrank_sparse,,,,,,,,96.0,0.027297554521630706,25.0,1.8933109477520592e-05,5.0,1.687673842324827e-05,,,,,,,,,
A1-22.1_preprocessed,A1-22.1_preprocessed__single_channel.csv,lowrank_sparse,D:\桌面\朝闻道\202604\华堪数据\实验代码\data\processed\single_channel,signal,6907,47289.77958838859,9.782856528385357,9.790297203434415,0.039782959381745704,0.6151272496594491,0.6164123758741122,11.424862101885083,0.8642976182615709,0.7586944121988012,8.633315207567097,lowrank_sparse,,,,,,,,96.0,0.01211609529181641,23.0,6.858276038965993e-06,2.0,5.44420008209072e-06,,,,,,,,,
A1-23.1_preprocessed,A1-23.1_preprocessed__single_channel.csv,lowrank_sparse,D:\桌面\朝闻道\202604\华堪数据\实验代码\data\processed\single_channel,signal,5098,47369.53643732836,62.375249603170445,62.39531912637594,0.04444173800566126,0.9604730320387035,0.9615006569683582,21.858546816016315,0.883314512455733,1.1948420123573427,23.475333695610445,lowrank_sparse,,,,,,,,96.0,0.014137894891278046,25.0,9.383927567474848e-06,4.0,8.33364304471506e-06,,,,,,,,,
A1-25.1_preprocessed,A1-25.1_preprocessed__single_channel.csv,lowrank_sparse,D:\桌面\朝闻道\202604\华堪数据\实验代码\data\processed\single_channel,signal,5077,47351.06992741777,56.04158921223891,56.07044599988318,-0.042147369503417076,1.1934797347386907,1.1942237135428158,17.192903833863966,0.9726198226903626,1.2515522027832537,20.236522335219135,lowrank_sparse,,,,,,,,96.0,0.014167660405476751,25.0,8.582821465509471e-06,5.0,7.445692924260369e-06,,,,,,,,,
A1-26.1_preprocessed,A1-26.1_preprocessed__single_channel.csv,lowrank_sparse,D:\桌面\朝闻道\202604\华堪数据\实验代码\data\processed\single_channel,signal,1227,47263.99233863081,40.30067941313381,39.96131797039312,0.03418090361975606,1.9685325457207505,1.9688292759236596,16.85098336583178,1.0800863162360674,1.2084955320983886,8.513763341036464,lowrank_sparse,,,,,,,,96.0,0.0297219149138882,25.0,1.794920740172508e-05,5.0,1.583337257340542e-05,,,,,,,,,
A1-27.1_preprocessed,A1-27.1_preprocessed__single_channel.csv,lowrank_sparse,D:\桌面\朝闻道\202604\华堪数据\实验代码\data\processed\single_channel,signal,26256,47325.45195640997,53.046539006075,53.03998215667508,-0.010321794892877701,0.8716039310137433,0.8716650457649548,27.78573169021547,0.7502497000471118,0.6241492053592765,8.12510289762446,lowrank_sparse,,,,,,,,96.0,0.006182623917080622,18.0,7.071799240536568e-06,2.0,5.219982574712271e-06,,,,,,,,,
A1-29.1_preprocessed,A1-29.1_preprocessed__single_channel.csv,lowrank_sparse,D:\桌面\朝闻道\202604\华堪数据\实验代码\data\processed\single_channel,signal,25614,47316.54771376982,52.545298904970345,52.52370083432278,-0.0217101885334077,0.8231296693829468,0.8234159246120005,35.54141742419597,0.925484924146041,0.9485513857740749,22.1003569958975,lowrank_sparse,,,,,,,,96.0,0.006259911221316611,19.0,7.414666740767835e-06,2.0,5.979815771371259e-06,,,,,,,,,
A1-3.1_preprocessed,A1-3.1_preprocessed__single_channel.csv,lowrank_sparse,D:\桌面\朝闻道\202604\华堪数据\实验代码\data\processed\single_channel,signal,27104,47351.17085671857,65.52520888138146,65.52585688467104,0.005087745734792423,0.526799032462856,0.5268236002311047,17.39456034127943,1.1525897639899154,1.7446304844164258,32.47188026118678,lowrank_sparse,,,,,,,,96.0,0.00608479214697427,18.0,7.85635882538313e-06,2.0,4.957466869609697e-06,,,,,,,,,
A1-30.1_preprocessed,A1-30.1_preprocessed__single_channel.csv,lowrank_sparse,D:\桌面\朝闻道\202604\华堪数据\实验代码\data\processed\single_channel,signal,6501,47321.648978695586,45.9089853137576,45.87205265565208,0.051438015912039746,1.9627848003616772,1.9634586937370992,60.683225431639585,1.0503891255807396,1.9731937071029784,52.43074546802776,lowrank_sparse,,,,,,,,96.0,0.012494144741657035,24.0,8.370905953186345e-06,4.0,7.067952115900742e-06,,,,,,,,,
A1-31.1_preprocessed,A1-31.1_preprocessed__single_channel.csv,lowrank_sparse,D:\桌面\朝闻道\202604\华堪数据\实验代码\data\processed\single_channel,signal,6830,47365.41532510982,54.625719437217946,54.62179469571299,0.03629210434603814,0.8704452851169641,0.8712015330681051,12.995673100755084,0.9477747263379477,1.028250123183874,12.311989679179888,lowrank_sparse,,,,,,,,96.0,0.012185158984614301,23.0,9.721527319346163e-06,4.0,8.262169014795403e-06,,,,,,,,,
A1-32.1_preprocessed,A1-32.1_preprocessed__single_channel.csv,lowrank_sparse,D:\桌面\朝闻道\202604\华堪数据\实验代码\data\processed\single_channel,signal,3913,47387.159819575776,52.621148499593,52.39332630014951,0.166231458973586,6.814427080583175,6.816454308109003,290.9382905958628,1.627352207395464,15.285652930062787,348.89619227091896,lowrank_sparse,,,,,,,,96.0,0.016183857208774653,25.0,9.874956618922654e-06,4.0,8.856402030616529e-06,,,,,,,,,
A1-4.1_preprocessed,A1-4.1_preprocessed__single_channel.csv,lowrank_sparse,D:\桌面\朝闻道\202604\华堪数据\实验代码\data\processed\single_channel,signal,26988,47326.33081573292,66.8450195681527,66.84879894899869,0.01315432093281876,0.6378073387444975,0.6379429735607577,28.807250074089097,0.8230581179837684,0.7950780433387974,23.550189943135514,lowrank_sparse,,,,,,,,96.0,0.006097901067321419,18.0,6.997208728921704e-06,2.0,5.550523456921255e-06,,,,,,,,,
A1-5.1_preprocessed,A1-5.1_preprocessed__single_channel.csv,lowrank_sparse,D:\桌面\朝闻道\202604\华堪数据\实验代码\data\processed\single_channel,signal,28967,47342.61502720337,66.80818150167894,66.82531822819915,-0.01195813085348935,0.9720790645367646,0.9721526138442361,36.34327587830194,1.2554165048918633,2.4579990371818767,60.88418983126646,lowrank_sparse,,,,,,,,96.0,0.005885204596220405,17.0,9.039467850819566e-06,2.0,6.709929210860942e-06,,,,,,,,,
A1-6.1_preprocessed,A1-6.1_preprocessed__single_channel.csv,lowrank_sparse,D:\桌面\朝闻道\202604\华堪数据\实验代码\data\processed\single_channel,signal,25024,47343.69338758791,65.13787690882785,65.12207207006746,0.012147879147761168,0.7824378588081955,0.7825321551630593,32.20899025994731,0.9697860929997684,0.8940851332893768,10.526713653826166,lowrank_sparse,,,,,,,,96.0,0.006333555363527008,18.0,8.588155142954696e-06,2.0,6.725259148345135e-06,,,,,,,,,
A1-6.2_preprocessed,A1-6.2_preprocessed__single_channel.csv,lowrank_sparse,D:\桌面\朝闻道\202604\华堪数据\实验代码\data\processed\single_channel,signal,18873,47339.83626296826,65.92722247349494,65.90634257356226,0.0330893044512466,1.9266385616399746,1.9269226889699589,82.09617729803722,0.8187268279941454,0.8403371999827436,23.834965692225435,lowrank_sparse,,,,,,,,96.0,0.007297520650689985,18.0,8.501563902015633e-06,2.0,6.710813608893688e-06,,,,,,,,,
A1-7.1_preprocessed,A1-7.1_preprocessed__single_channel.csv,lowrank_sparse,D:\桌面\朝闻道\202604\华堪数据\实验代码\data\processed\single_channel,signal,27273,47346.636747222525,66.09618959497318,66.00922907106259,0.15068406048832853,4.213885698775638,4.216578988757484,162.70542433140508,0.8782429049474998,1.0237774040967706,27.151141017992135,lowrank_sparse,,,,,,,,96.0,0.006065844220905834,18.0,7.995823464631782e-06,2.0,6.442431533217639e-06,,,,,,,,,
A1-8.1_preprocessed,A1-8.1_preprocessed__single_channel.csv,lowrank_sparse,D:\桌面\朝闻道\202604\华堪数据\实验代码\data\processed\single_channel,signal,23266,47392.331283955136,63.71691379870818,63.73582148138702,0.04233701329366373,1.0524983235876397,1.0533494879902967,34.77331694652821,0.886030904514177,0.9545805354183723,22.614698194972092,lowrank_sparse,,,,,,,,96.0,0.006569428819892687,19.0,8.220728225246516e-06,2.0,7.004122296386337e-06,,,,,,,,,
A1-9.1_preprocessed,A1-9.1_preprocessed__single_channel.csv,lowrank_sparse,D:\桌面\朝闻道\202604\华堪数据\实验代码\data\processed\single_channel,signal,24353,47323.120894817876,60.91123414575416,60.906966591759804,-0.003097212836428203,0.5250965233269527,0.5251056574989524,15.354009179289278,0.6927899684878351,0.5718742678948735,12.712516600174018,lowrank_sparse,,,,,,,,96.0,0.006420554017553639,19.0,6.088917236887412e-06,2.0,5.243657856744655e-06,,,,,,,,,
A1-10.1_preprocessed,A1-10.1_preprocessed__single_channel.csv,emd,D:\桌面\朝闻道\202604\华堪数据\实验代码\data\processed\single_channel,signal,27509,47327.831561416264,64.18806829142939,64.17273741947969,0.0023277338271730074,1.58531673533387,1.5853184442484762,72.56148842928869,0.9445877090679781,1.712490697273486,71.41746683694076,emd,,,,,,800.0,,,,,,,1.0934349786276637e-16,5.0,2.0,,,,,,,
A1-11.1_preprocessed,A1-11.1_preprocessed__single_channel.csv,emd,D:\桌面\朝闻道\202604\华堪数据\实验代码\data\processed\single_channel,signal,22205,47324.3246881333,62.401951258838565,62.40278041638176,0.0010706673599909105,0.12075510605826711,0.12075985246653416,4.1545702406582246,0.8689768691671053,0.957205830361985,28.637450260173477,emd,,,,,,800.0,,,,,,,1.0917691237015189e-16,5.0,2.0,,,,,,,
A1-13.1_preprocessed,A1-13.1_preprocessed__single_channel.csv,emd,D:\桌面\朝闻道\202604\华堪数据\实验代码\data\processed\single_channel,signal,22296,47385.57036315931,58.884577737169344,58.87771465106203,0.021150105156062183,3.3399071467653485,3.339974113067699,111.75827339211332,0.9330488159856023,1.099249870787186,30.853642153911892,emd,,,,,,800.0,,,,,,,1.0837487779049254e-16,5.0,2.0,,,,,,,
A1-14.1_preprocessed,A1-14.1_preprocessed__single_channel.csv,emd,D:\桌面\朝闻道\202604\华堪数据\实验代码\data\processed\single_channel,signal,8728,47345.13846282081,64.47016866505582,64.46814570500018,-6.586659202221364e-05,0.8866026374188617,0.886602639865509,26.483434107154046,1.341698826442959,3.716147146410032,98.7168828512836,emd,,,,,,800.0,,,,,,,1.0908991679509281e-16,5.0,2.0,,,,,,,
A1-15.1_preprocessed,A1-15.1_preprocessed__single_channel.csv,emd,D:\桌面\朝闻道\202604\华堪数据\实验代码\data\processed\single_channel,signal,27940,47335.822255762345,60.12764248506554,60.12764398511666,0.0001855619476765513,0.04936112993078139,0.04936147871853018,1.247239180987872,0.8498055096413315,0.697251946109137,8.82519337226618,emd,,,,,,800.0,,,,,,,1.0888703655786006e-16,5.0,2.0,,,,,,,
A1-16.1_preprocessed,A1-16.1_preprocessed__single_channel.csv,emd,D:\桌面\朝闻道\202604\华堪数据\实验代码\data\processed\single_channel,signal,21424,47363.788944104745,65.19537467712472,65.18526851310253,-0.009812440773035938,0.9503666580302933,0.9504173129155385,29.837496880533045,0.8731734197098991,0.7678730539047559,11.028116840381783,emd,,,,,,800.0,,,,,,,1.0838606812480734e-16,5.0,2.0,,,,,,,
A1-17.1_preprocessed,A1-17.1_preprocessed__single_channel.csv,emd,D:\桌面\朝闻道\202604\华堪数据\实验代码\data\processed\single_channel,signal,1936,47340.415016270665,52.98488136090471,52.97814836431493,-0.021484720123948108,0.5671262375546867,0.5675330497175819,10.426099692382563,1.5222673155053057,5.442257569321278,96.61025742067129,emd,,,,,,800.0,,,,,,,1.0726573115522166e-16,5.0,2.0,,,,,,,
A1-18.1_preprocessed,A1-18.1_preprocessed__single_channel.csv,emd,D:\桌面\朝闻道\202604\华堪数据\实验代码\data\processed\single_channel,signal,20036,47384.59730999201,62.781410407000735,62.797281329666674,0.027074256553187057,2.3445783264364892,2.3447346425904225,82.82353312876397,0.9662090064591234,1.6237626796636022,70.35719933850358,emd,,,,,,800.0,,,,,,,1.0785924515830301e-16,5.0,2.0,,,,,,,
A1-19.1_preprocessed,A1-19.1_preprocessed__single_channel.csv,emd,D:\桌面\朝闻道\202604\华堪数据\实验代码\data\processed\single_channel,signal,3317,47381.21892447996,62.988178145926724,63.05409236375936,-0.03000034318203333,1.362327023096073,1.3626573077809576,31.506960938389902,1.45566150355018,3.5142347447693254,63.9124216088827,emd,,,,,,800.0,,,,,,,1.0886257723522912e-16,5.0,2.0,,,,,,,
A1-2.1_preprocessed,A1-2.1_preprocessed__single_channel.csv,emd,D:\桌面\朝闻道\202604\华堪数据\实验代码\data\processed\single_channel,signal,19417,47330.99262901065,64.28820162657205,64.28848743784553,0.0010138279960226642,0.1592132682593178,0.15921649612090769,3.8059516644456677,0.8950839464993471,1.0510832150915987,23.23738831504652,emd,,,,,,800.0,,,,,,,1.0872509010657426e-16,5.0,2.0,,,,,,,
A1-20.1_preprocessed,A1-20.1_preprocessed__single_channel.csv,emd,D:\桌面\朝闻道\202604\华堪数据\实验代码\data\processed\single_channel,signal,1725,47349.45495130435,51.89425850316468,51.8878583898256,-0.002697384448363373,0.45664913715210564,0.4566571036835241,7.316002140984932,1.0581023344666403,1.2253065424344785,10.46116168110787,emd,,,,,,800.0,,,,,,,1.0799413323801319e-16,5.0,2.0,,,,,,,
A1-21.1_preprocessed,A1-21.1_preprocessed__single_channel.csv,emd,D:\桌面\朝闻道\202604\华堪数据\实验代码\data\processed\single_channel,signal,1437,47363.66825748087,71.0036512856073,71.01244557371444,-0.0024444064844104797,0.48437766943766036,0.48438383723336637,7.357438502524063,1.0919507879801817,1.3873423536473093,13.550752398861363,emd,,,,,,800.0,,,,,,,1.0888913718417351e-16,5.0,2.0,,,,,,,
A1-22.1_preprocessed,A1-22.1_preprocessed__single_channel.csv,emd,D:\桌面\朝闻道\202604\华堪数据\实验代码\data\processed\single_channel,signal,6907,47289.77958838859,9.782856528385357,9.783257341028547,0.0005068181269048312,0.10199078994759975,0.1019920491937934,1.532650798048015,0.8721413083652791,0.778200280439906,9.33139215373853,emd,,,,,,800.0,,,,,,,1.0839232699429597e-16,5.0,2.0,,,,,,,
A1-23.1_preprocessed,A1-23.1_preprocessed__single_channel.csv,emd,D:\桌面\朝闻道\202604\华堪数据\实验代码\data\processed\single_channel,signal,5098,47369.53643732836,62.375249603170445,62.37492969720557,0.00042202385948790006,0.21345354331244454,0.21345396050852658,3.2431857726234625,1.259925156372953,2.8491692128503914,52.56693603482351,emd,,,,,,800.0,,,,,,,1.082700478074959e-16,5.0,2.0,,,,,,,
A1-25.1_preprocessed,A1-25.1_preprocessed__single_channel.csv,emd,D:\桌面\朝闻道\202604\华堪数据\实验代码\data\processed\single_channel,signal,5077,47351.06992741777,56.04158921223891,56.04316555275636,-0.00035326699719495685,0.28121675384800854,0.2812169757364991,3.9999775139302214,1.1265621948861515,1.7235606683298343,38.03403783503486,emd,,,,,,800.0,,,,,,,1.083859905600766e-16,5.0,2.0,,,,,,,
A1-26.1_preprocessed,A1-26.1_preprocessed__single_channel.csv,emd,D:\桌面\朝闻道\202604\华堪数据\实验代码\data\processed\single_channel,signal,1227,47263.99233863081,40.30067941313381,40.30989149897757,0.004732208104959777,0.6611663805385336,0.6611833153883829,6.802716831975639,1.1616352006420516,1.5444729339308618,11.653282839157503,emd,,,,,,800.0,,,,,,,1.0483189855765432e-16,5.0,2.0,,,,,,,
A1-27.1_preprocessed,A1-27.1_preprocessed__single_channel.csv,emd,D:\桌面\朝闻道\202604\华堪数据\实验代码\data\processed\single_channel,signal,26256,47325.45195640997,53.046539006075,53.046508816091354,0.0010661159988184453,0.1264952813786851,0.12649977396974135,3.7966363090982744,0.8647959648311344,0.7768949641349522,15.386904000353814,emd,,,,,,800.0,,,,,,,1.0827703527623531e-16,5.0,2.0,,,,,,,
A1-29.1_preprocessed,A1-29.1_preprocessed__single_channel.csv,emd,D:\桌面\朝闻道\202604\华堪数据\实验代码\data\processed\single_channel,signal,25614,47316.54771376982,52.545298904970345,52.544735622698866,-0.00013954932920512753,0.29434594111397405,0.29434597419412134,11.689605954526181,0.8679066328410608,0.8904280683071312,24.826882754300577,emd,,,,,,800.0,,,,,,,1.0877131752416736e-16,5.0,2.0,,,,,,,
A1-3.1_preprocessed,A1-3.1_preprocessed__single_channel.csv,emd,D:\桌面\朝闻道\202604\华堪数据\实验代码\data\processed\single_channel,signal,27104,47351.17085671857,65.52520888138146,65.52524490667626,0.0001299527466223835,0.04733933164716643,0.04733951001559657,1.0402315048862365,0.8625526019133687,0.8806174557343148,27.638309871303658,emd,,,,,,800.0,,,,,,,1.0886983413969804e-16,5.0,2.0,,,,,,,
A1-30.1_preprocessed,A1-30.1_preprocessed__single_channel.csv,emd,D:\桌面\朝闻道\202604\华堪数据\实验代码\data\processed\single_channel,signal,6501,47321.648978695586,45.9089853137576,45.90505375233722,0.002879706662472665,1.0547566978746317,1.054760628968421,34.66880361927609,1.1795943736144217,1.9719083051538902,32.2306310333717,emd,,,,,,800.0,,,,,,,1.0736670729066038e-16,5.0,2.0,,,,,,,
A1-31.1_preprocessed,A1-31.1_preprocessed__single_channel.csv,emd,D:\桌面\朝闻道\202604\华堪数据\实验代码\data\processed\single_channel,signal,6830,47365.41532510982,54.625719437217946,54.6261425450013,0.00023616929685397372,0.19315163387422224,0.1931517782579761,4.665898938982389,1.09612065741987,1.7536722518513876,43.11111105618303,emd,,,,,,800.0,,,,,,,1.0885922296631625e-16,5.0,2.0,,,,,,,
A1-32.1_preprocessed,A1-32.1_preprocessed__single_channel.csv,emd,D:\桌面\朝闻道\202604\华堪数据\实验代码\data\processed\single_channel,signal,3913,47387.159819575776,52.621148499593,52.53288265696749,0.01298588305886627,4.305451663409302,4.3054712470428536,123.96052480666602,1.7281439654443063,9.459905114317193,281.9111764892154,emd,,,,,,800.0,,,,,,,1.0752557566341923e-16,5.0,2.0,,,,,,,
A1-4.1_preprocessed,A1-4.1_preprocessed__single_channel.csv,emd,D:\桌面\朝闻道\202604\华堪数据\实验代码\data\processed\single_channel,signal,26988,47326.33081573292,66.8450195681527,66.84528885759562,0.00037390928209322005,0.1369588107095267,0.13695932111075607,5.087848280577808,0.905744726273923,1.8337918230651482,89.19250493873277,emd,,,,,,800.0,,,,,,,1.0908457125709188e-16,5.0,2.0,,,,,,,
A1-5.1_preprocessed,A1-5.1_preprocessed__single_channel.csv,emd,D:\桌面\朝闻道\202604\华堪数据\实验代码\data\processed\single_channel,signal,28967,47342.61502720337,66.80818150167894,66.80831164092551,2.9723316779250146e-05,0.07813320136321987,0.07813320701686974,2.4621332224398413,0.8926645700656638,0.9972375898235551,21.34301212191721,emd,,,,,,800.0,,,,,,,1.0859251810181998e-16,5.0,2.0,,,,,,,
A1-6.1_preprocessed,A1-6.1_preprocessed__single_channel.csv,emd,D:\桌面\朝闻道\202604\华堪数据\实验代码\data\processed\single_channel,signal,25024,47343.69338758791,65.13787690882785,65.1366101738726,0.0009457246043504259,0.19920737092853946,0.19920961580026197,8.401594306903958,0.8527355174535307,0.6951144552044393,6.4438315809066475,emd,,,,,,800.0,,,,,,,1.0878358855808365e-16,5.0,2.0,,,,,,,
A1-6.2_preprocessed,A1-6.2_preprocessed__single_channel.csv,emd,D:\桌面\朝闻道\202604\华堪数据\实验代码\data\processed\single_channel,signal,18873,47339.83626296826,65.92722247349494,65.9261322904581,0.003327124938034362,1.155351281379033,1.1553560720161238,42.01976821631753,0.8621971068515671,0.7902190962935662,17.75595111899773,emd,,,,,,800.0,,,,,,,1.0826129565887149e-16,5.0,2.0,,,,,,,
A1-7.1_preprocessed,A1-7.1_preprocessed__single_channel.csv,emd,D:\桌面\朝闻道\202604\华堪数据\实验代码\data\processed\single_channel,signal,27273,47346.636747222525,66.09618959497318,66.08947678714374,0.004804484920110642,1.1744025470888189,1.1744123746299902,38.670796843815666,0.9227470137045906,1.3235285861388406,32.8452227216369,emd,,,,,,800.0,,,,,,,1.0908748262090357e-16,5.0,2.0,,,,,,,
A1-8.1_preprocessed,A1-8.1_preprocessed__single_channel.csv,emd,D:\桌面\朝闻道\202604\华堪数据\实验代码\data\processed\single_channel,signal,23266,47392.331283955136,63.71691379870818,63.71709460612487,0.0007741080485802611,0.15101537328688572,0.15101735732109842,3.9550750126699192,0.9382457479251947,1.4054353983792434,44.212529662752125,emd,,,,,,800.0,,,,,,,1.0812909145478707e-16,5.0,2.0,,,,,,,
A1-9.1_preprocessed,A1-9.1_preprocessed__single_channel.csv,emd,D:\桌面\朝闻道\202604\华堪数据\实验代码\data\processed\single_channel,signal,24353,47323.120894817876,60.91123414575416,60.910800502113325,-4.386070760356896e-05,0.16087757856593574,0.16087758454489703,6.579200812027752,0.8876567950148474,0.9700758307824952,25.404426779656685,emd,,,,,,800.0,,,,,,,1.0863984004492514e-16,5.0,2.0,,,,,,,
A1-10.1_preprocessed,A1-10.1_preprocessed__single_channel.csv,vmd,D:\桌面\朝闻道\202604\华堪数据\实验代码\data\processed\single_channel,signal,27509,47327.831561416264,64.18806829142939,64.18804962957944,1.8964075290049803e-09,0.004875527794596815,0.004875527794597183,0.02504076922745762,0.7469015217803624,0.6062447051707626,20.427226221947887,vmd,,,,,,800.0,,,,,,,6.194138930792525e-05,,,3.0,1.0,1.2298267519225766e-10,0.3226041628685735,,,
A1-11.1_preprocessed,A1-11.1_preprocessed__single_channel.csv,vmd,D:\桌面\朝闻道\202604\华堪数据\实验代码\data\processed\single_channel,signal,22205,47324.3246881333,62.401951258838565,62.401947919729395,-1.6428430095557947e-07,0.004541853909504364,0.004541853912475545,0.01575124275958211,0.7579814368375151,0.5237386616542566,14.233660390032602,vmd,,,,,,800.0,,,,,,,1.328238737202244e-05,,,3.0,1.0,1.392375928659796e-10,0.3256512865749778,,,
A1-13.1_preprocessed,A1-13.1_preprocessed__single_channel.csv,vmd,D:\桌面\朝闻道\202604\华堪数据\实验代码\data\processed\single_channel,signal,22296,47385.57036315931,58.884577737169344,58.88448418868694,3.819787277281102e-07,0.005014364535740001,0.005014364550288978,0.03842787958158603,0.7085346280903853,0.48223508450497526,9.161152485351085,vmd,,,,,,800.0,,,,,,,0.00013302747389698754,,,3.0,1.0,1.204670023121295e-10,0.31198117508743084,,,
A1-14.1_preprocessed,A1-14.1_preprocessed__single_channel.csv,vmd,D:\桌面\朝闻道\202604\华堪数据\实验代码\data\processed\single_channel,signal,8728,47345.13846282081,64.47016866505582,64.47004521515491,9.140085664686156e-07,0.06325170505313993,0.0632517050597438,0.9699663304969628,0.7572097218179922,0.4863142539956802,4.169749421281447,vmd,,,,,,800.0,,,,,,,7.032785771094602e-05,,,3.0,1.0,3.194693154989278e-10,0.3234559576301611,,,
A1-15.1_preprocessed,A1-15.1_preprocessed__single_channel.csv,vmd,D:\桌面\朝闻道\202604\华堪数据\实验代码\data\processed\single_channel,signal,27940,47335.822255762345,60.12764248506554,60.12764012668952,-3.101324838772371e-07,0.004707053840308393,0.004707053850525204,0.017515497479920157,0.7252918223405986,0.45997817377051053,6.978230198202496,vmd,,,,,,800.0,,,,,,,1.1295967520014043e-05,,,3.0,1.0,1.024958219140708e-10,0.32422066811622474,,,
A1-16.1_preprocessed,A1-16.1_preprocessed__single_channel.csv,vmd,D:\桌面\朝闻道\202604\华堪数据\实验代码\data\processed\single_channel,signal,21424,47363.788944104745,65.19537467712472,65.19535759082135,2.8040952501069065e-07,0.005148184486400222,0.005148184494036847,0.023389023848637166,0.7332192655430962,0.5649998666337059,13.805535441140693,vmd,,,,,,800.0,,,,,,,5.7477193292048354e-05,,,3.0,1.0,1.608568840440675e-10,0.3220702404036262,,,
A1-17.1_preprocessed,A1-17.1_preprocessed__single_channel.csv,vmd,D:\桌面\朝闻道\202604\华堪数据\实验代码\data\processed\single_channel,signal,1936,47340.415016270665,52.98488136090471,52.984598171921306,-4.516786482524921e-06,0.051507215077192234,0.05150721527523595,0.3328622578462968,0.8573375381566314,0.6267878442921081,4.636636552408299,vmd,,,,,,800.0,,,,,,,0.00012372730756888338,,,3.0,1.0,6.053976222213415e-10,0.32949076530961025,,,
A1-18.1_preprocessed,A1-18.1_preprocessed__single_channel.csv,vmd,D:\桌面\朝闻道\202604\华堪数据\实验代码\data\processed\single_channel,signal,20036,47384.59730999201,62.781410407000735,62.78138535680564,2.7262079644587427e-07,0.00492897601605258,0.004928976023591884,0.031526703405601944,0.7316516196030017,0.6940951288221502,29.524365759756556,vmd,,,,,,800.0,,,,,,,6.961101103560484e-05,,,3.0,1.0,1.5246303471271574e-10,0.3209301482086619,,,
A1-19.1_preprocessed,A1-19.1_preprocessed__single_channel.csv,vmd,D:\桌面\朝闻道\202604\华堪数据\实验代码\data\processed\single_channel,signal,3317,47381.21892447996,62.988178145926724,62.98794581431348,-2.994266205607565e-07,0.08258530774779117,0.08258530774833399,0.6531245913172533,0.6894301340199624,0.3989013064753593,3.6101091795530524,vmd,,,,,,800.0,,,,,,,6.760562519674167e-05,,,3.0,1.0,5.636623771203555e-10,0.3154087096412263,,,
A1-2.1_preprocessed,A1-2.1_preprocessed__single_channel.csv,vmd,D:\桌面\朝闻道\202604\华堪数据\实验代码\data\processed\single_channel,signal,19417,47330.99262901065,64.28820162657205,64.28819618756414,-1.30547295201105e-07,0.004846018288537943,0.004846018290296356,0.017460865133817796,0.7341489334762451,0.47459092405366904,6.029078440713969,vmd,,,,,,800.0,,,,,,,2.2410756217174564e-05,,,3.0,1.0,1.6669376659531407e-10,0.32227331935445797,,,
A1-20.1_preprocessed,A1-20.1_preprocessed__single_channel.csv,vmd,D:\桌面\朝闻道\202604\华堪数据\实验代码\data\processed\single_channel,signal,1725,47349.45495130435,51.89425850316468,51.893936014760015,-8.778110066012269e-07,0.03770548769063404,0.03770548770085208,0.1972747944526202,1.3787670520467759,1.0238771368514774,10.117946388098062,vmd,,,,,,800.0,,,,,,,0.00016111459442874265,,,3.0,1.0,5.813935937713053e-10,0.3345579442108212,,,
A1-21.1_preprocessed,A1-21.1_preprocessed__single_channel.csv,vmd,D:\桌面\朝闻道\202604\华堪数据\实验代码\data\processed\single_channel,signal,1437,47363.66825748087,71.0036512856073,71.00334853271863,-6.508516968678321e-06,0.03808869829935768,0.03808869885543855,0.21412764087620448,1.340524547760548,1.1403201630825046,16.973646150493657,vmd,,,,,,800.0,,,,,,,0.00011353119738205212,,,3.0,1.0,1.1203530708676866e-09,0.33583273128548663,,,
A1-22.1_preprocessed,A1-22.1_preprocessed__single_channel.csv,vmd,D:\桌面\朝闻道\202604\华堪数据\实验代码\data\processed\single_channel,signal,6907,47289.77958838859,9.782856528385357,9.78284542749004,-7.988866640387007e-07,0.004617316717413396,0.004617316786524953,0.01622840759917881,0.8024393589984856,0.5774211683302208,5.879174152245898,vmd,,,,,,800.0,,,,,,,1.4592565894436481e-05,,,3.0,1.0,7.143984109052721e-12,0.3283740488654847,,,
A1-23.1_preprocessed,A1-23.1_preprocessed__single_channel.csv,vmd,D:\桌面\朝闻道\202604\华堪数据\实验代码\data\processed\single_channel,signal,5098,47369.53643732836,62.375249603170445,62.37521335249895,-1.5943546902086734e-06,0.015939143539310474,0.015939143619050234,0.09216730708480336,0.8529655535408277,0.608586003241685,5.872625602942022,vmd,,,,,,800.0,,,,,,,3.78758785380371e-05,,,3.0,1.0,3.868610986872163e-10,0.3292309882578282,,,
A1-25.1_preprocessed,A1-25.1_preprocessed__single_channel.csv,vmd,D:\桌面\朝闻道\202604\华堪数据\实验代码\data\processed\single_channel,signal,5077,47351.06992741777,56.04158921223891,56.041529749389944,-9.797372642818735e-06,0.0199658488833547,0.019965851287171973,0.13529956477269853,0.7984254319268401,0.5485984100754314,6.536465802245274,vmd,,,,,,800.0,,,,,,,5.6082239007024434e-05,,,3.0,1.0,4.383942117350251e-10,0.3246437128516813,,,
A1-26.1_preprocessed,A1-26.1_preprocessed__single_channel.csv,vmd,D:\桌面\朝闻道\202604\华堪数据\实验代码\data\processed\single_channel,signal,1227,47263.99233863081,40.30067941313381,40.30019259717863,-6.912800123092604e-05,0.054098654464286855,0.054098698630621965,0.26779353962231595,0.9392781536558239,0.8373887469736324,10.70738050044805,vmd,,,,,,800.0,,,,,,,0.00019638904615303261,,,3.0,1.0,4.0811253778604183e-10,0.33099679637932367,,,
A1-27.1_preprocessed,A1-27.1_preprocessed__single_channel.csv,vmd,D:\桌面\朝闻道\202604\华堪数据\实验代码\data\processed\single_channel,signal,26256,47325.45195640997,53.046539006075,53.04653453459682,-1.696283237320803e-07,0.004736264465988196,0.004736264469025798,0.016769029559091413,0.7270685962191532,0.46704728404909446,6.997415657553501,vmd,,,,,,800.0,,,,,,,2.097573226998301e-05,,,3.0,1.0,8.719300443621593e-11,0.3226585555292922,,,
A1-29.1_preprocessed,A1-29.1_preprocessed__single_channel.csv,vmd,D:\桌面\朝闻道\202604\华堪数据\实验代码\data\processed\single_channel,signal,25614,47316.54771376982,52.545298904970345,52.54529548672426,1.0716506087627127e-07,0.004655679221125285,0.004655679222358655,0.016230395831451947,0.7135226248599895,0.45601413698580856,7.742853378679941,vmd,,,,,,800.0,,,,,,,1.7592246117020712e-05,,,3.0,1.0,9.162099137117939e-11,0.32386902014539387,,,
A1-3.1_preprocessed,A1-3.1_preprocessed__single_channel.csv,vmd,D:\桌面\朝闻道\202604\华堪数据\实验代码\data\processed\single_channel,signal,27104,47351.17085671857,65.52520888138146,65.52520615286595,-2.4380760099090243e-07,0.004880609433975244,0.0048806094400648675,0.016735580080629836,0.7012926204834633,0.42682412147176874,4.910315178736751,vmd,,,,,,800.0,,,,,,,1.1787082440703197e-05,,,3.0,1.0,1.365324529973241e-10,0.32294751696069224,,,
A1-30.1_preprocessed,A1-30.1_preprocessed__single_channel.csv,vmd,D:\桌面\朝闻道\202604\华堪数据\实验代码\data\processed\single_channel,signal,6501,47321.648978695586,45.9089853137576,45.90890066904211,2.417566971343254e-06,0.030936849653645376,0.03093684974810603,0.3649269740899439,0.7975051273953742,0.5409300892663105,5.156179174851394,vmd,,,,,,800.0,,,,,,,5.6643525025989365e-05,,,3.0,1.0,3.702094030204527e-10,0.32680577654027765,,,
A1-31.1_preprocessed,A1-31.1_preprocessed__single_channel.csv,vmd,D:\桌面\朝闻道\202604\华堪数据\实验代码\data\processed\single_channel,signal,6830,47365.41532510982,54.625719437217946,54.625690166724326,2.5821516476213767e-06,0.015495854910590792,0.015495855125729197,0.12072077113753403,1.0227674945026162,0.9190092948417466,29.280978169935594,vmd,,,,,,800.0,,,,,,,3.898335067992022e-05,,,3.0,1.0,3.718898630825724e-10,0.33054283323505973,,,
A1-32.1_preprocessed,A1-32.1_preprocessed__single_channel.csv,vmd,D:\桌面\朝闻道\202604\华堪数据\实验代码\data\processed\single_channel,signal,3913,47387.159819575776,52.621148499593,52.618072061973,3.156513119200435e-05,0.323061830907378,0.3230618324494318,3.87368354707109,0.713033361916886,0.41531633111674543,3.352336992117834,vmd,,,,,,800.0,,,,,,,0.0001402042180189115,,,3.0,1.0,3.2346257216497187e-10,0.3207113036182849,,,
A1-4.1_preprocessed,A1-4.1_preprocessed__single_channel.csv,vmd,D:\桌面\朝闻道\202604\华堪数据\实验代码\data\processed\single_channel,signal,26988,47326.33081573292,66.8450195681527,66.84501678136769,7.1642006166227e-08,0.005263857334903617,0.0052638573353911465,0.0706952874985533,0.7240159536509877,0.4815092984992502,10.97266247497624,vmd,,,,,,800.0,,,,,,,1.5224364646612317e-05,,,3.0,1.0,1.3889121073385221e-10,0.32325900867418594,,,
A1-5.1_preprocessed,A1-5.1_preprocessed__single_channel.csv,vmd,D:\桌面\朝闻道\202604\华堪数据\实验代码\data\processed\single_channel,signal,28967,47342.61502720337,66.80818150167894,66.80817611644946,-3.3154835172730676e-08,0.00484459191128524,0.00484459191139869,0.018257091800166523,0.7193083259235633,0.47768407603197316,9.454910123063993,vmd,,,,,,800.0,,,,,,,2.620306442281507e-05,,,3.0,1.0,1.290696571725915e-10,0.32195472715702284,,,
A1-6.1_preprocessed,A1-6.1_preprocessed__single_channel.csv,vmd,D:\桌面\朝闻道\202604\华堪数据\实验代码\data\processed\single_channel,signal,25024,47343.69338758791,65.13787690882785,65.13787348535845,-2.6999642605986613e-07,0.004750108273041472,0.004750108280714777,0.018478368797537732,0.7578527284129969,0.5258800416436582,7.987473559747265,vmd,,,,,,800.0,,,,,,,1.767957880192651e-05,,,3.0,1.0,1.3531321965275092e-10,0.32603834157873096,,,
A1-6.2_preprocessed,A1-6.2_preprocessed__single_channel.csv,vmd,D:\桌面\朝闻道\202604\华堪数据\实验代码\data\processed\single_channel,signal,18873,47339.83626296826,65.92722247349494,65.92721222816243,-1.043143253203286e-08,0.005302098865953529,0.005302098865963791,0.06480776455013386,0.7218354870389878,0.5161141590941201,12.098840847587208,vmd,,,,,,800.0,,,,,,,4.101225153209353e-05,,,3.0,1.0,1.8478773193305128e-10,0.3210333986379699,,,
A1-7.1_preprocessed,A1-7.1_preprocessed__single_channel.csv,vmd,D:\桌面\朝闻道\202604\华堪数据\实验代码\data\processed\single_channel,signal,27273,47346.636747222525,66.09618959497318,66.0961646055178,1.7800651561284903e-08,0.005066106398041868,0.00506610639807314,0.022421506302482158,0.731498796134736,0.5326540193076944,9.711737044757873,vmd,,,,,,800.0,,,,,,,7.318254454846156e-05,,,3.0,1.0,1.2897408104963962e-10,0.319740496405621,,,
A1-8.1_preprocessed,A1-8.1_preprocessed__single_channel.csv,vmd,D:\桌面\朝闻道\202604\华堪数据\实验代码\data\processed\single_channel,signal,23266,47392.331283955136,63.71691379870818,63.716909497232976,-4.799129273524371e-07,0.0047492954436501155,0.004749295467897546,0.02239119861882573,0.7428289194385581,0.5127134185619209,9.41338555036133,vmd,,,,,,800.0,,,,,,,2.2014599697275945e-05,,,3.0,1.0,1.3914749292686604e-10,0.3248583920348307,,,
A1-9.1_preprocessed,A1-9.1_preprocessed__single_channel.csv,vmd,D:\桌面\朝闻道\202604\华堪数据\实验代码\data\processed\single_channel,signal,24353,47323.120894817876,60.91123414575416,60.91123145553862,-1.5913322176214562e-07,0.004956203445197473,0.004956203447752189,0.017269453685270112,0.7344525702778578,0.4730040197042949,5.8830877951886,vmd,,,,,,800.0,,,,,,,1.2842359250988816e-05,,,3.0,1.0,1.6865338826698735e-10,0.3259815796951241,,,
A1-10.1_preprocessed,A1-10.1_preprocessed__single_channel.csv,obf,D:\桌面\朝闻道\202604\华堪数据\实验代码\data\processed\single_channel,signal,27509,47327.831561416264,64.18806829142939,63.97856937781308,1.7204137355570235e-06,5.1817728608396925,5.1817728608399785,193.01715998529107,3.0005996612723975,2.1420870293230116,40.50405800731966,obf,,,,,,,,,,,,,,,,,,,,legendre,8.0,1e-06
A1-11.1_preprocessed,A1-11.1_preprocessed__single_channel.csv,obf,D:\桌面\朝闻道\202604\华堪数据\实验代码\data\processed\single_channel,signal,22205,47324.3246881333,62.401951258838565,62.26216768052191,2.1312552985604797e-06,4.174445471020212,4.174445471020755,19.931206777233456,2.994210363310409,1.9717878868274146,14.491996479810373,obf,,,,,,,,,,,,,,,,,,,,legendre,8.0,1e-06
A1-13.1_preprocessed,A1-13.1_preprocessed__single_channel.csv,obf,D:\桌面\朝闻道\202604\华堪数据\实验代码\data\processed\single_channel,signal,22296,47385.57036315931,58.884577737169344,58.24966089712314,2.1251745904961613e-06,8.623833208898237,8.6238332088985,360.7767390800582,3.316175216140621,6.7341919404489206,290.80777363478416,obf,,,,,,,,,,,,,,,,,,,,legendre,8.0,1e-06
A1-14.1_preprocessed,A1-14.1_preprocessed__single_channel.csv,obf,D:\桌面\朝闻道\202604\华堪数据\实验代码\data\processed\single_channel,signal,8728,47345.13846282081,64.47016866505582,63.60960090719147,5.424509209209759e-06,10.498633981263833,10.498633981265234,122.0020871514862,4.15917088520927,4.140901545149781,44.418266236039244,obf,,,,,,,,,,,,,,,,,,,,legendre,8.0,1e-06
A1-15.1_preprocessed,A1-15.1_preprocessed__single_channel.csv,obf,D:\桌面\朝闻道\202604\华堪数据\实验代码\data\processed\single_channel,signal,27940,47335.822255762345,60.12764248506554,59.9738891692015,1.694276502573264e-06,4.297209268711559,4.297209268711893,15.084195259507396,2.9529056520040413,2.0238324815578497,12.478003291801883,obf,,,,,,,,,,,,,,,,,,,,legendre,8.0,1e-06
A1-16.1_preprocessed,A1-16.1_preprocessed__single_channel.csv,obf,D:\桌面\朝闻道\202604\华堪数据\实验代码\data\processed\single_channel,signal,21424,47363.788944104745,65.19537467712472,64.94209340973336,2.2106918627412743e-06,5.741200317049896,5.741200317050321,117.82245049302583,3.149524318630259,2.7982747658874256,62.11040601159493,obf,,,,,,,,,,,,,,,,,,,,legendre,8.0,1e-06
A1-17.1_preprocessed,A1-17.1_preprocessed__single_channel.csv,obf,D:\桌面\朝闻道\202604\华堪数据\实验代码\data\processed\single_channel,signal,1936,47340.415016270665,52.98488136090471,52.57589483944784,2.4452703182158842e-05,6.570610439740092,6.570610439785593,28.496564440851216,4.273063195586746,4.968068719431228,30.516025074616206,obf,,,,,,,,,,,,,,,,,,,,legendre,8.0,1e-06
A1-18.1_preprocessed,A1-18.1_preprocessed__single_channel.csv,obf,D:\桌面\朝闻道\202604\华堪数据\实验代码\data\processed\single_channel,signal,20036,47384.59730999201,62.781410407000735,62.50379302013081,2.3647947607912747e-06,5.897571446615835,5.897571446616309,200.58242624652485,2.9730938275883596,2.879091588029052,106.81392868566559,obf,,,,,,,,,,,,,,,,,,,,legendre,8.0,1e-06
A1-19.1_preprocessed,A1-19.1_preprocessed__single_channel.csv,obf,D:\桌面\朝闻道\202604\华堪数据\实验代码\data\processed\single_channel,signal,3317,47381.21892447996,62.988178145926724,62.47917824628317,1.4284364081298546e-05,7.991424143708571,7.991424143721336,51.652697622907,3.136249327303524,2.525022511044468,15.552633745359152,obf,,,,,,,,,,,,,,,,,,,,legendre,8.0,1e-06
A1-2.1_preprocessed,A1-2.1_preprocessed__single_channel.csv,obf,D:\桌面\朝闻道\202604\华堪数据\实验代码\data\processed\single_channel,signal,19417,47330.99262901065,64.28820162657205,64.18093575793627,2.4376271582199603e-06,3.7121896008806154,3.7121896008814157,34.06976491140085,3.616029713777432,3.6421157676380296,24.733402443235402,obf,,,,,,,,,,,,,,,,,,,,legendre,8.0,1e-06
A1-20.1_preprocessed,A1-20.1_preprocessed__single_channel.csv,obf,D:\桌面\朝闻道\202604\华堪数据\实验代码\data\processed\single_channel,signal,1725,47349.45495130435,51.89425850316468,51.23517245619579,2.7448959733811678e-05,8.244462066960192,8.244462067005887,34.644491828934406,3.117586129103029,3.00405220062342,17.852138435845827,obf,,,,,,,,,,,,,,,,,,,,legendre,8.0,1e-06
A1-21.1_preprocessed,A1-21.1_preprocessed__single_channel.csv,obf,D:\桌面\朝闻道\202604\华堪数据\实验代码\data\processed\single_channel,signal,1437,47363.66825748087,71.0036512856073,70.71865165794743,3.296013679230623e-05,6.355373082556428,6.355373082641896,22.14061007091368,2.4631897658946174,1.9522996933979184,8.307530929320897,obf,,,,,,,,,,,,,,,,,,,,legendre,8.0,1e-06
A1-22.1_preprocessed,A1-22.1_preprocessed__single_channel.csv,obf,D:\桌面\朝闻道\202604\华堪数据\实验代码\data\processed\single_channel,signal,6907,47289.77958838859,9.782856528385357,9.722927001736448,6.846566203427051e-06,1.0811901927186838,1.0811901927403615,11.720073039919953,3.4141070991527678,3.2220727527006967,15.169137245146754,obf,,,,,,,,,,,,,,,,,,,,legendre,8.0,1e-06
A1-23.1_preprocessed,A1-23.1_preprocessed__single_channel.csv,obf,D:\桌面\朝闻道\202604\华堪数据\实验代码\data\processed\single_channel,signal,5098,47369.53643732836,62.375249603170445,62.04094960898028,9.29175556555413e-06,6.44921140888595,6.449211408892643,28.139529129352013,3.9157282382646597,3.549690063384389,19.987199926984797,obf,,,,,,,,,,,,,,,,,,,,legendre,8.0,1e-06
A1-25.1_preprocessed,A1-25.1_preprocessed__single_channel.csv,obf,D:\桌面\朝闻道\202604\华堪数据\实验代码\data\processed\single_channel,signal,5077,47351.06992741777,56.04158921223891,55.055083776360654,9.326547944291554e-06,10.468880846376964,10.468880846381118,39.87935099971946,3.9173934543522795,4.092395807023994,21.82031097942519,obf,,,,,,,,,,,,,,,,,,,,legendre,8.0,1e-06
A1-26.1_preprocessed,A1-26.1_preprocessed__single_channel.csv,obf,D:\桌面\朝闻道\202604\华堪数据\实验代码\data\processed\single_channel,signal,1227,47263.99233863081,40.30067941313381,39.57524178857562,3.851996763794741e-05,7.612160408425716,7.612160408523177,28.106258162501035,2.708104170738169,1.6599403711572804,10.194633129737534,obf,,,,,,,,,,,,,,,,,,,,legendre,8.0,1e-06
A1-27.1_preprocessed,A1-27.1_preprocessed__single_channel.csv,obf,D:\桌面\朝闻道\202604\华堪数据\实验代码\data\processed\single_channel,signal,26256,47325.45195640997,53.046539006075,52.91354207409098,1.8024759576501626e-06,3.753979857397019,3.753979857397452,46.65222863353847,2.9577367139094437,2.4724355608629476,47.218598723788645,obf,,,,,,,,,,,,,,,,,,,,legendre,8.0,1e-06
A1-29.1_preprocessed,A1-29.1_preprocessed__single_channel.csv,obf,D:\桌面\朝闻道\202604\华堪数据\实验代码\data\processed\single_channel,signal,25614,47316.54771376982,52.545298904970345,52.446007109919876,1.8473381936153854e-06,3.228741910496347,3.2287419104968755,40.04418664191326,3.3211443528794358,2.3243427783667765,16.882914184871805,obf,,,,,,,,,,,,,,,,,,,,legendre,8.0,1e-06
A1-3.1_preprocessed,A1-3.1_preprocessed__single_channel.csv,obf,D:\桌面\朝闻道\202604\华堪数据\实验代码\data\processed\single_channel,signal,27104,47351.17085671857,65.52520888138146,65.37235135376315,1.7470738865390832e-06,4.4731058474359235,4.473105847436265,18.469932375162898,3.029228253491833,2.015029791351367,14.404137724650237,obf,,,,,,,,,,,,,,,,,,,,legendre,8.0,1e-06
A1-30.1_preprocessed,A1-30.1_preprocessed__single_channel.csv,obf,D:\桌面\朝闻道\202604\华堪数据\实验代码\data\processed\single_channel,signal,6501,47321.648978695586,45.9089853137576,45.63708372542054,7.2791854935613545e-06,4.989140032494017,4.989140032499328,62.797660876225564,3.467169349674745,3.5196794362215145,52.12073922454778,obf,,,,,,,,,,,,,,,,,,,,legendre,8.0,1e-06
A1-31.1_preprocessed,A1-31.1_preprocessed__single_channel.csv,obf,D:\桌面\朝闻道\202604\华堪数据\实验代码\data\processed\single_channel,signal,6830,47365.41532510982,54.625719437217946,54.502292759004305,6.934884108693678e-06,3.6700550832391614,3.6700550832457135,17.35825282924634,3.417659248623257,2.9464117500142173,22.35949216769648,obf,,,,,,,,,,,,,,,,,,,,legendre,8.0,1e-06
A1-32.1_preprocessed,A1-32.1_preprocessed__single_channel.csv,obf,D:\桌面\朝闻道\202604\华堪数据\实验代码\data\processed\single_channel,signal,3913,47387.159819575776,52.621148499593,52.092753484274276,1.211023128364419e-05,7.438433796176167,7.438433796186024,287.3994499458713,3.3425661153525215,5.064742504445724,103.11459501032508,obf,,,,,,,,,,,,,,,,,,,,legendre,8.0,1e-06
A1-4.1_preprocessed,A1-4.1_preprocessed__single_channel.csv,obf,D:\桌面\朝闻道\202604\华堪数据\实验代码\data\processed\single_channel,signal,26988,47326.33081573292,66.8450195681527,66.70947806847828,1.7533008242470272e-06,4.254665129622803,4.254665129623164,30.93385245851823,3.1208068079341755,2.230600417857971,21.841801766842313,obf,,,,,,,,,,,,,,,,,,,,legendre,8.0,1e-06
A1-5.1_preprocessed,A1-5.1_preprocessed__single_channel.csv,obf,D:\桌面\朝闻道\202604\华堪数据\实验代码\data\processed\single_channel,signal,28967,47342.61502720337,66.80818150167894,66.66971853717686,1.6343644918998427e-06,4.299039929247645,4.2990399292479555,68.19429538609984,3.4861763054227395,3.5686238069040286,77.88455122481402,obf,,,,,,,,,,,,,,,,,,,,legendre,8.0,1e-06
A1-6.1_preprocessed,A1-6.1_preprocessed__single_channel.csv,obf,D:\桌面\朝闻道\202604\华堪数据\实验代码\data\processed\single_channel,signal,25024,47343.69338758791,65.13787690882785,64.9689716639745,1.891976663021656e-06,4.687827587528865,4.687827587529247,33.79792433021066,3.03702625606134,2.053066539028695,13.311555296414708,obf,,,,,,,,,,,,,,,,,,,,legendre,8.0,1e-06
A1-6.2_preprocessed,A1-6.2_preprocessed__single_channel.csv,obf,D:\桌面\朝闻道\202604\华堪数据\实验代码\data\processed\single_channel,signal,18873,47339.83626296826,65.92722247349494,65.76445124553511,2.508377614164487e-06,4.629861044969079,4.629861044969759,81.45850154743675,3.084041032513009,2.1529676890007288,17.594062840684234,obf,,,,,,,,,,,,,,,,,,,,legendre,8.0,1e-06
A1-7.1_preprocessed,A1-7.1_preprocessed__single_channel.csv,obf,D:\桌面\朝闻道\202604\华堪数据\实验代码\data\processed\single_channel,signal,27273,47346.636747222525,66.09618959497318,65.81544327382292,1.7360144386712396e-06,6.085532365611703,6.08553236561195,170.50445909077098,3.0784475408241594,2.5571966710290623,70.37905045566386,obf,,,,,,,,,,,,,,,,,,,,legendre,8.0,1e-06
A1-8.1_preprocessed,A1-8.1_preprocessed__single_channel.csv,obf,D:\桌面\朝闻道\202604\华堪数据\实验代码\data\processed\single_channel,signal,23266,47392.331283955136,63.71691379870818,63.54201865420541,2.037098665267702e-06,4.717729090023036,4.717729090023477,33.182772695574386,2.907821819877497,1.8683273680391543,17.380695383015034,obf,,,,,,,,,,,,,,,,,,,,legendre,8.0,1e-06
A1-9.1_preprocessed,A1-9.1_preprocessed__single_channel.csv,obf,D:\桌面\朝闻道\202604\华堪数据\实验代码\data\processed\single_channel,signal,24353,47323.120894817876,60.91123414575416,60.812935686344666,1.943152973991338e-06,3.459089041153226,3.4590890411537716,20.390671020584705,3.892199485414559,3.8507326225079064,30.949628677062034,obf,,,,,,,,,,,,,,,,,,,,legendre,8.0,1e-06
A1-10.1_preprocessed,A1-10.1_preprocessed__real_concat.csv,gradient_obf,D:\桌面\朝闻道\202604\华堪数据\实验代码\data\processed\real_concat,signal_1,27509,-2.16292888383424,2.0639355113429674,0.19581500152180956,-7.86287446347398e-11,2.054625581495519,2.0546255814955185,115.08393818498834,2.7125225727631213,2.697255376840687,37.99233152183299,gradient_obf,,,,,,,,,,,,,,,,,,,,legendre,8.0,1e-06
A1-11.1_preprocessed,A1-11.1_preprocessed__real_concat.csv,gradient_obf,D:\桌面\朝闻道\202604\华堪数据\实验代码\data\processed\real_concat,signal_1,22205,1.3403261727585958,0.37400255307948416,0.24481090144691528,6.036263383353521e-11,0.28274640973469783,0.28274640973469783,7.978840065374402,1.9862739738447424,4.238680536881653,99.55270798648002,gradient_obf,,,,,,,,,,,,,,,,,,,,legendre,8.0,1e-06
A1-13.1_preprocessed,A1-13.1_preprocessed__real_concat.csv,gradient_obf,D:\桌面\朝闻道\202604\华堪数据\实验代码\data\processed\real_concat,signal_1,22296,2.136952936351304,5.412109620457677,0.41850224101653016,9.584677954233088e-11,5.395904596817391,5.395904596817391,279.108546425471,3.5173677145625297,5.803447787712462,171.4657905250483,gradient_obf,,,,,,,,,,,,,,,,,,,,legendre,8.0,1e-06
A1-14.1_preprocessed,A1-14.1_preprocessed__real_concat.csv,gradient_obf,D:\桌面\朝闻道\202604\华堪数据\实验代码\data\processed\real_concat,signal_1,8728,-2.6059351513669666,1.9046568194764286,0.24788565200100865,-2.985751497350607e-10,1.8884571224720377,1.8884571224720375,74.63530315008715,3.395705755745536,14.165657625346896,446.52612136725867,gradient_obf,,,,,,,,,,,,,,,,,,,,legendre,8.0,1e-06
A1-15.1_preprocessed,A1-15.1_preprocessed__real_concat.csv,gradient_obf,D:\桌面\朝闻道\202604\华堪数据\实验代码\data\processed\real_concat,signal_1,27940,-2.231145263713264,0.631150017265161,0.15756673086485637,-7.985817781331222e-11,0.6111653373730205,0.6111653373730205,19.041498195227877,1.8125951109759761,2.3316996910097996,53.12840650794202,gradient_obf,,,,,,,,,,,,,,,,,,,,legendre,8.0,1e-06
A1-16.1_preprocessed,A1-16.1_preprocessed__real_concat.csv,gradient_obf,D:\桌面\朝闻道\202604\华堪数据\实验代码\data\processed\real_concat,signal_1,21424,-2.3086211413884525,1.6018821777196703,0.13649348341906725,-1.077593744051539e-10,1.596056402595268,1.5960564025952682,75.21702606165114,2.643135620241626,7.43401886004647,307.677742862786,gradient_obf,,,,,,,,,,,,,,,,,,,,legendre,8.0,1e-06
A1-17.1_preprocessed,A1-17.1_preprocessed__real_concat.csv,gradient_obf,D:\桌面\朝闻道\202604\华堪数据\实验代码\data\processed\real_concat,signal_1,1936,2.314952134820711,0.18737871858218208,0.08507610861839959,1.19574083440092e-09,0.16695160930910172,0.16695160930910172,3.2979177711419823,1.4618094780857724,1.7891281485363788,15.807152903235917,gradient_obf,,,,,,,,,,,,,,,,,,,,legendre,8.0,1e-06
A1-18.1_preprocessed,A1-18.1_preprocessed__real_concat.csv,gradient_obf,D:\桌面\朝闻道\202604\华堪数据\实验代码\data\processed\real_concat,signal_1,20036,2.0942120848634143,1.3196584437713479,0.13483636799026089,1.0452013886714382e-10,1.3127519042341302,1.31275190423413,53.38819224347729,2.2551849034833023,4.232254994685105,95.56582556873614,gradient_obf,,,,,,,,,,,,,,,,,,,,legendre,8.0,1e-06
A1-19.1_preprocessed,A1-19.1_preprocessed__real_concat.csv,gradient_obf,D:\桌面\朝闻道\202604\华堪数据\实验代码\data\processed\real_concat,signal_1,3317,-2.43439393018193,0.6987263927843055,0.1348100583654342,-7.339142760843681e-10,0.6855981476415335,0.6855981476415335,11.414563533575866,1.8901281270735986,3.128513201173862,45.840462812974046,gradient_obf,,,,,,,,,,,,,,,,,,,,legendre,8.0,1e-06
A1-2.1_preprocessed,A1-2.1_preprocessed__real_concat.csv,gradient_obf,D:\桌面\朝闻道\202604\华堪数据\实验代码\data\processed\real_concat,signal_1,19417,1.632999845503196,0.48467869798507135,0.2854655136902209,8.409482484746605e-11,0.3916923291459115,0.3916923291459115,10.803019844830507,3.189375794680392,4.152463322051748,63.33133067925119,gradient_obf,,,,,,,,,,,,,,,,,,,,legendre,8.0,1e-06
A1-20.1_preprocessed,A1-20.1_preprocessed__real_concat.csv,gradient_obf,D:\桌面\朝闻道\202604\华堪数据\实验代码\data\processed\real_concat,signal_1,1725,2.412421255988941,0.14620367261289496,0.08961493220081214,1.398488834687985e-09,0.11551916612296328,0.11551916612296328,0.5810841802928737,1.0983496837968518,0.9574745070138646,6.613797768336653,gradient_obf,,,,,,,,,,,,,,,,,,,,legendre,8.0,1e-06
A1-21.1_preprocessed,A1-21.1_preprocessed__real_concat.csv,gradient_obf,D:\桌面\朝闻道\202604\华堪数据\实验代码\data\processed\real_concat,signal_1,1437,-2.3736701459315994,0.26190383339482476,0.10679582333377681,-1.6518262372242588e-09,0.2391406908168802,0.2391406908168802,7.06967194316484,1.2316973386627523,1.769722482865422,20.59840355357052,gradient_obf,,,,,,,,,,,,,,,,,,,,legendre,8.0,1e-06
A1-22.1_preprocessed,A1-22.1_preprocessed__real_concat.csv,gradient_obf,D:\桌面\朝闻道\202604\华堪数据\实验代码\data\processed\real_concat,signal_1,6907,1.8175545582316386,0.30176320738333307,0.1793187876045092,2.6315003558445094e-10,0.24270518267805877,0.24270518267805874,3.35010340536562,1.9642352225741986,2.1405474302165444,32.188418081046315,gradient_obf,,,,,,,,,,,,,,,,,,,,legendre,8.0,1e-06
A1-23.1_preprocessed,A1-23.1_preprocessed__real_concat.csv,gradient_obf,D:\桌面\朝闻道\202604\华堪数据\实验代码\data\processed\real_concat,signal_1,5098,-2.316621289465539,0.3063880938065316,0.15644118952340788,-4.54414174219876e-10,0.2634384523880638,0.2634384523880638,5.9339963098660835,1.552447227408217,3.332295570896462,64.09529576966992,gradient_obf,,,,,,,,,,,,,,,,,,,,legendre,8.0,1e-06
A1-25.1_preprocessed,A1-25.1_preprocessed__real_concat.csv,gradient_obf,D:\桌面\朝闻道\202604\华堪数据\实验代码\data\processed\real_concat,signal_1,5077,3.2653870396477593,0.26937402459661064,0.13854804550404703,6.431654966997101e-10,0.231012562756645,0.231012562756645,2.5643012057384484,2.5921854374807123,3.5789338656491907,51.300567804557794,gradient_obf,,,,,,,,,,,,,,,,,,,,legendre,8.0,1e-06
A1-26.1_preprocessed,A1-26.1_preprocessed__real_concat.csv,gradient_obf,D:\桌面\朝闻道\202604\华堪数据\实验代码\data\processed\real_concat,signal_1,1227,2.854396631557785,0.20662289401182457,0.14669011081974426,2.3263172313965168e-09,0.145516430507724,0.145516430507724,2.1115451865785095,1.0503879467680584,0.90335933918361,4.840352569143028,gradient_obf,,,,,,,,,,,,,,,,,,,,legendre,8.0,1e-06
A1-27.1_preprocessed,A1-27.1_preprocessed__real_concat.csv,gradient_obf,D:\桌面\朝闻道\202604\华堪数据\实验代码\data\processed\real_concat,signal_1,26256,-2.048170094479435,0.4578508940741166,0.10702751178808158,-7.800441476306812e-11,0.44516575892558313,0.44516575892558313,12.748921691516927,2.508051449929325,11.09013663647667,480.34264375066624,gradient_obf,,,,,,,,,,,,,,,,,,,,legendre,8.0,1e-06
A1-29.1_preprocessed,A1-29.1_preprocessed__real_concat.csv,gradient_obf,D:\桌面\朝闻道\202604\华堪数据\实验代码\data\processed\real_concat,signal_1,25614,1.7404585772776127,0.8501130703042531,0.1461366828487744,6.795329103385146e-11,0.8374582390885822,0.8374582390885821,30.368505170412188,2.1517585559325476,2.5310423866186795,48.547516311894086,gradient_obf,,,,,,,,,,,,,,,,,,,,legendre,8.0,1e-06
A1-3.1_preprocessed,A1-3.1_preprocessed__real_concat.csv,gradient_obf,D:\桌面\朝闻道\202604\华堪数据\实验代码\data\processed\real_concat,signal_1,27104,-2.3886132674564444,0.3508364493087107,0.148500143908561,-8.812665198138911e-11,0.317858335442625,0.317858335442625,9.962366970378582,1.6938955374808529,2.201956345352871,60.4785904197592,gradient_obf,,,,,,,,,,,,,,,,,,,,legendre,8.0,1e-06
A1-30.1_preprocessed,A1-30.1_preprocessed__real_concat.csv,gradient_obf,D:\桌面\朝闻道\202604\华堪数据\实验代码\data\processed\real_concat,signal_1,6501,3.220844485432603,0.8423369652556902,0.10528825124073267,4.954528840042009e-10,0.8357307862867946,0.8357307862867946,21.841368259715054,2.4125633974985727,6.075009833393454,123.82893427714198,gradient_obf,,,,,,,,,,,,,,,,,,,,legendre,8.0,1e-06
A1-31.1_preprocessed,A1-31.1_preprocessed__real_concat.csv,gradient_obf,D:\桌面\朝闻道\202604\华堪数据\实验代码\data\processed\real_concat,signal_1,6830,3.2974316253011215,0.5490890170135946,0.11080435953487841,4.827838806135409e-10,0.5377928434697137,0.5377928434697137,11.84052057317821,2.0121017525673404,3.568088008571601,68.84599047181821,gradient_obf,,,,,,,,,,,,,,,,,,,,legendre,8.0,1e-06
A1-32.1_preprocessed,A1-32.1_preprocessed__real_concat.csv,gradient_obf,D:\桌面\朝闻道\202604\华堪数据\实验代码\data\processed\real_concat,signal_1,3913,-2.7054461197291135,2.2114473809822495,0.13739335986724874,-6.913998995953122e-10,2.2071752498277415,2.207175249827742,101.06985450329005,2.0214476720682732,8.811183312044497,212.90458447582836,gradient_obf,,,,,,,,,,,,,,,,,,,,legendre,8.0,1e-06
A1-4.1_preprocessed,A1-4.1_preprocessed__real_concat.csv,gradient_obf,D:\桌面\朝闻道\202604\华堪数据\实验代码\data\processed\real_concat,signal_1,26988,1.7810721308659778,1.1021772430566343,0.1795829422884877,6.599307777450323e-11,1.0874486847332985,1.0874486847332985,44.629037531007704,2.883221775222778,10.054334633588269,423.8787934980187,gradient_obf,,,,,,,,,,,,,,,,,,,,legendre,8.0,1e-06
A1-5.1_preprocessed,A1-5.1_preprocessed__real_concat.csv,gradient_obf,D:\桌面\朝闻道\202604\华堪数据\实验代码\data\processed\real_concat,signal_1,28967,-2.3305889230670505,1.024206216207559,0.1404498675191711,-8.046039793663221e-11,1.014530535776005,1.014530535776005,27.407203665998782,2.297242043500455,4.427557883248135,149.33107147715498,gradient_obf,,,,,,,,,,,,,,,,,,,,legendre,8.0,1e-06
A1-6.1_preprocessed,A1-6.1_preprocessed__real_concat.csv,gradient_obf,D:\桌面\朝闻道\202604\华堪数据\实验代码\data\processed\real_concat,signal_1,25024,-2.2791086956825235,1.0715929708577603,0.12902234132788945,-9.107288268228796e-11,1.0637973165127923,1.0637973165127923,41.61874226980934,2.0908096191127457,5.117418828945473,176.7512626063187,gradient_obf,,,,,,,,,,,,,,,,,,,,legendre,8.0,1e-06
A1-6.2_preprocessed,A1-6.2_preprocessed__real_concat.csv,gradient_obf,D:\桌面\朝闻道\202604\华堪数据\实验代码\data\processed\real_concat,signal_1,18873,2.004353308902831,1.882712452231054,0.11861574452456898,1.0619732367019939e-10,1.8789721879064076,1.8789721879064074,73.26370331428694,1.9244014565722163,4.983538901224213,135.1107508812458,gradient_obf,,,,,,,,,,,,,,,,,,,,legendre,8.0,1e-06
A1-7.1_preprocessed,A1-7.1_preprocessed__real_concat.csv,gradient_obf,D:\桌面\朝闻道\202604\华堪数据\实验代码\data\processed\real_concat,signal_1,27273,-2.281954753760435,0.7663485554412005,0.12221928706777598,-8.367761642743444e-11,0.7565398563777264,0.7565398563777264,25.518214266027986,1.895467948943965,2.025829620412324,27.655225390300785,gradient_obf,,,,,,,,,,,,,,,,,,,,legendre,8.0,1e-06
A1-8.1_preprocessed,A1-8.1_preprocessed__real_concat.csv,gradient_obf,D:\桌面\朝闻道\202604\华堪数据\实验代码\data\processed\real_concat,signal_1,23266,-2.3139972204512627,1.29061865951388,0.1870815163554236,-9.945163166300366e-11,1.2769874825153427,1.2769874825153427,39.09786089724185,3.929880570227188,30.857558109858253,1049.6650245253309,gradient_obf,,,,,,,,,,,,,,,,,,,,legendre,8.0,1e-06
A1-9.1_preprocessed,A1-9.1_preprocessed__real_concat.csv,gradient_obf,D:\桌面\朝闻道\202604\华堪数据\实验代码\data\processed\real_concat,signal_1,24353,-2.086928290808316,0.6313569869332702,0.09555126699021659,-8.569220669424089e-11,0.6240846099052556,0.6240846099052556,23.16775012632719,1.984176552649164,4.07986600947686,90.07993228495044,gradient_obf,,,,,,,,,,,,,,,,,,,,legendre,8.0,1e-06
