sample_index,axis,baseline_distance,signal_0,signal_1
0,5.544,1.499999995006474,47247.65,2.604000008670546
1,5.523,1.5000000050996205,47247.7315,2.52599999141026
2,5.501,1.500000001953395,47247.595,2.458666663466116
3,5.486,1.5000000050444184,47247.6695,2.4819999916567776
4,5.492,1.500000001405925,47247.654,2.541333330950104
5,5.471,1.4999999988137291,47247.55,2.5360000020032216
6,5.44,1.5000000043670576,47247.696,2.594666659112511
7,5.418,1.4999999978040002,47247.583,2.493333336982215
8,5.424,1.499999998523943,47247.656,2.549333335842324
9,5.397,1.5000000003944476,47247.627,2.5999999993124105
10,5.403,1.499999998209264,47247.613,2.3826666695115004
11,5.381,1.499999996068743,47247.57,2.5146666732553387
15,5.372,1.5000000062678849,47247.5895,2.5153333228234858
18,5.335,1.5000000010907597,47247.6625,2.5073333315091366
20,5.313,1.5000000070650383,47247.71000000001,2.3373333223252484
22,5.304,1.5000000010098666,47247.807,2.613333331572757
23,5.29183333333333,1.5000000048040074,47247.7315,2.388666659015698
24,5.298,1.500000005013142,47247.6875,2.504666658294359
26,5.283,1.500000002234306,47247.7495,2.515333329587349
29,5.252,1.4999999958217154,47247.759,2.492000006939893
30,5.261,1.4999999931294306,47247.784,2.464000011283572
32,5.236,1.4999999948613365,47247.752,2.4933333418784263
33,5.273,1.5000000047948296,47247.7055,2.5126666586300987
35,5.206,1.5000000006527885,47247.6805,2.635333332187349
36,5.215,1.5000000014172514,47247.7135,2.4059999977245554
37,5.2635,1.4999999911116162,47247.6715,2.5166666815803698
38,5.184,1.4999999994779585,47247.7015,2.6993333342721555
39,5.21425,1.5000000020667037,47247.6155,2.5713333297929504
41,5.21185416666667,1.5000000009243075,47247.686,2.52133333177917
42,5.169,1.5000000000635962,47247.712,2.5306666665607698
44,5.193,1.5000000080500688,47247.6655,2.393999987152323
45,5.246,1.50000000198224,47247.598,2.485333330050844
47,5.1995,1.4999999967225006,47247.6795,2.588666672323989
48,5.178,1.499999992349578,47247.651,2.438666679106609
52,5.153,1.5000000006645,47247.631,2.378666665612452
53,5.141,1.4999999995977005,47247.5445,2.558000000690595
55,5.132,1.500000000808249,47247.5775,2.5339999986342487
58,5.126,1.499999999326113,47247.5845,2.5100000011272496
59,5.163,1.5000000042595178,47247.6565,2.523333326165356
61,5.116,1.4999999995900597,47247.621,2.4853333340144217
62,5.147,1.5000000010473349,47247.6515,2.6513333314814127
63,5.11,1.499999998073036,47247.67,2.498666669876289
66,5.101,1.499999994455751,47247.7055,2.454000009073147
67,5.095,1.499999999372018,47247.6725,2.466000001032752
68,5.086,1.5000000018350248,47247.596000000005,2.5066666636014947
69,5.064,1.499999996663152,47247.732,2.526666672287984
71,5.033,1.5000000014320345,47247.6145,2.5646666642192537
72,5.049,1.50000000522245,47247.705,2.5439999911419875
73,5.012,1.5000000038011665,47247.733,2.567999993491705
76,5.018,1.4999999995342517,47247.747,2.53333333411702
77,4.996,1.5000000030659115,47247.771,2.589333328044536
79,5.005,1.4999999927965928,47247.802,2.581333345726764
80,4.981,1.500000004129717,47247.849,2.5533333263048013
81,4.99,1.499999999407235,47247.8805,2.60066666769307
83,4.95,1.4999999983628818,47247.8385,2.606000002843987
84,4.922,1.4999999960603183,47247.8655,2.638000006925172
85,4.928,1.499999995333402,47247.895,2.49866667443991
86,4.907,1.499999999622656,47247.789,2.4186666672779458
87,4.891,1.4999999990289312,47247.825,2.448000001583892
88,4.885,1.4999999980723375,47247.9055,2.5940000033357435
89,4.876,1.4999999964224122,47247.828,2.5840000061655526
90,4.87,1.499999999611198,47247.9115,2.5926666673405907
92,4.845,1.5000000043044688,47247.7265,2.547333326025756
93,4.824,1.5000000013091046,47247.7405,2.5059999978165703
94,4.83,1.5000000015586343,47247.778,2.491999997408959
95,4.818,1.4999999980222318,47247.7165,2.686000003543037
96,4.808,1.4999999935065826,47247.619,2.514666677550657
97,4.802,1.499999999798677,47247.674,2.529333333673934
98,4.787,1.5000000007690018,47247.652,2.563999998684006
100,4.75,1.5000000027230167,47247.6,2.6106666619257
101,4.762,1.499999991828885,47247.668000000005,2.597333347482499
102,4.734,1.4999999943942417,47247.644,2.6973333434151296
103,4.771,1.4999999945646385,47247.7385,2.54066667587397
104,4.719,1.499999998528523,47247.609,2.4280000023817143
105,4.704,1.5000000002416265,47247.6135,2.564666666249736
108,4.673,1.5000000049124569,47247.596000000005,2.591999991510615
109,4.688,1.5000000054837834,47247.6725,2.676666656880772
111,4.694,1.4999999984961936,47247.614,2.496000002501519
118,4.71,1.4999999992494577,47247.7715,2.5086666679212475
120,4.682,1.500000006241636,47247.704,2.5586666560172224
124,4.7355,1.5000000073296298,47247.746,2.505333321092309
125,4.725,1.5000000076067268,47247.7265,2.5886666535353826
129,4.741,1.499999996425557,47247.7085,2.6406666729564034
132,4.756,1.5000000006033114,47247.7245,2.492666665660178
136,4.748375,1.5000000003282492,47247.6705,2.585999999434641
138,4.6975,1.500000001725331,47247.647,2.5346666637534527
162,4.667,1.499999995692006,47247.4655,2.566000007370861
164,4.63,1.4999999976780056,47247.44,2.6160000040489373
165,4.62,1.500000007657921,47247.45849999999,2.5113333205121555
166,4.605,1.4999999988936614,47247.4575,2.4380000017976644
167,4.599,1.5000000034494116,47247.4215,2.6219999939686045
169,4.583,1.499999998353045,47247.3035,2.532666669446838
170,4.562,1.500000003864563,47247.27250000001,2.491333326915384
172,4.531,1.4999999929281171,47247.226,2.488000011727452
173,4.522,1.5000000014755468,47247.2705,2.4633333309099634
175,4.506,1.4999999952796086,47247.2335,2.4846666744850343
176,4.5,1.5000000060608902,47247.1605,2.62733332271661
178,4.463,1.500000005841598,47247.1095,2.441999990490189
179,4.433,1.5000000037519787,47247.139500000005,2.5113333270515708
181,4.426,1.499999999564562,47247.047,2.581333334084692
182,4.396,1.5000000065945085,47247.081000000006,2.5039999889923825
183,4.38,1.499999999699467,47247.164,2.512000000505737
184,4.386,1.499999996202001,47247.084,2.466666672915176
185,4.349,1.5000000060192529,47247.021,2.545333323118865
186,4.365,1.4999999969682412,47246.9635,2.5660000051876484
188,4.291,1.4999999981845644,47247.067,2.470666669655765
189,4.251,1.5000000017931716,47247.0425,2.487333330359701
190,4.239,1.5000000016877677,47246.983,2.513333330508101
191,4.214,1.4999999994674833,47247.151,2.5053333342238413
192,4.183,1.500000000428688,47247.086500000005,2.6473333325752333
194,4.162,1.499999998375495,47246.9515,2.591333336136535
195,4.14,1.5000000042827837,47247.0365,2.5126666594926834
196,4.115,1.5000000013826469,47246.9355,2.601999997605372
197,4.103,1.499999999995186,47246.94,2.45600000000862
198,4.094,1.4999999977868304,47246.914,2.4280000035822678
199,4.035,1.5000000024284743,47246.916,2.6559999957026585
200,4.004,1.5000000033654282,47246.895,2.427999994552377
201,4.011,1.500000001389806,47246.902,2.638666664220989
202,3.958,1.4999999984852364,47247.015,2.593333335951803
203,3.943,1.500000003004737,47246.9595,2.58999999481318
204,3.915,1.4999999985847454,47246.8075,2.640666669160123
205,3.9,1.4999999999761118,47246.7595,2.482000000038285
206,3.86,1.5000000080874238,47246.7755,2.51533331976747
207,3.854,1.50000000173779,47246.768,2.4506666638271546
208,3.807,1.5000000007108365,47246.803,2.647999998741334
209,3.817,1.4999999946627285,47246.7145,2.547333342399574
211,3.764,1.5000000052566695,47246.714,2.542666657755019
212,3.74,1.500000006262139,47246.7355,2.6233333223848465
213,3.727,1.500000000975738,47246.697,2.643999998280332
214,3.718,1.4999999996067537,47246.584,2.6493333340292136
215,3.687,1.500000001870694,47246.5955,2.656666663353848
217,3.666,1.5000000053791498,47246.629,2.56533332413255
218,3.635,1.5000000062603216,47246.53999999999,2.470666656354096
219,3.613,1.5000000004772247,47246.512,2.5906666658415154
220,3.598,1.4999999965069268,47246.536,2.5386666725815257
222,3.576,1.499999997190588,47246.5405,2.5806666714995607
223,3.582,1.500000003504912,47246.504,2.589333327286724
224,3.604,1.500000000858397,47246.44899999999,2.713333331780395
226,3.561,1.5000000013106924,47246.409,2.5999999977242525
227,3.546,1.5000000056497775,47246.3425,2.6646666566321686
228,3.539,1.4999999944915208,47246.3325,2.7340000100417123
229,3.552,1.4999999973120637,47246.419,2.7066666715153462
234,3.515,1.4999999929527708,47246.2245,2.614000012277518
235,3.509,1.499999999825471,47246.183000000005,2.7493333336555152
236,3.53,1.4999999982531491,47246.083,2.75866666987866
239,3.493,1.4999999996057376,47246.0665,2.5753333340086084
240,3.484,1.4999999919006664,47246.014,2.7493333481808016
243,3.499,1.5000000045806716,47245.962,2.5813333254525244
249,3.472,1.5000000024638522,47245.858,2.679999995600633
250,3.456,1.5000000028724314,47245.7255,2.631333328294528
253,3.462,1.4999999989570023,47245.7605,2.5873333351332035
255,3.447,1.4999999954483771,47245.669,2.6240000079633146
256,3.43316666666667,1.5000000014428243,47245.731,2.753333330688053
257,3.425,1.4999999988831705,47245.8095,2.6700000019862107
258,3.41,1.5000000083764302,47245.752,2.611999985417258
259,3.416,1.4999999991837216,47245.8495,2.6606666681157662
260,3.388,1.5000000011741486,47245.7125,2.716666664538213
263,3.379,1.4999999946338902,47245.7705,2.6446666761305084
264,3.364,1.5000000011755374,47245.821,2.674666664567332
265,3.373,1.4999999980589855,47245.762,2.841333337006825
266,3.348,1.5000000045145525,47245.7155,2.568666658937609
267,3.342,1.500000001708834,47245.7595,2.7273333302265264
269,3.327,1.5000000094644692,47245.763000000006,2.693333316339935
270,3.321,1.5000000000269187,47245.681,2.639999999952041
274,3.274,1.499999996231067,47245.598,2.613333339898488
275,3.27266666666667,1.4999999946901317,47245.618,2.7333333430081237
276,3.259,1.5000000056676768,47245.527,2.7306666563474624
277,3.244,1.499999999422314,47245.502,2.670666667691169
279,3.201,1.4999999952881284,47245.465,2.6840000084346403
280,3.191,1.499999992118837,47245.466,2.693333347480131
281,3.185,1.499999990905389,47245.304,2.59066668237799
283,3.176,1.4999999951102445,47245.3105,2.5313333415890256
284,3.161,1.4999999992540236,47245.2435,2.758000001368381
285,3.154,1.4999999947585672,47245.1375,2.628666675851521
286,3.124,1.5000000013143506,47245.23,2.6813333309868463
288,3.093,1.4999999968024469,47245.089,2.718666672458096
289,3.08,1.500000006099634,47245.079,2.631999989294964
290,3.05,1.4999999956334944,47244.9065,2.663333341088053
291,3.04,1.49999999602185,47244.955,2.7560000073079847
292,3.025,1.5000000064730428,47244.776,2.650666655229672
293,3.019,1.4999999976825265,47244.9125,2.620666670713455
297,2.982,1.4999999997928888,47244.6535,2.703333333706788
298,2.966,1.4999999949155394,47244.6805,2.5673333420372613
299,3.01583333333333,1.4999999906368118,47244.608,2.685333350099324
300,2.973,1.4999999982557477,47244.6705,2.563333336314843
302,2.96,1.4999999978234266,47244.548,2.701333337255312
303,3.003,1.5000000002293017,47244.6475,2.687333332924312
307,2.988,1.4999999950722167,47244.5595,2.690000008834636
309,2.96916666666667,1.4999999973252571,47244.448,2.6493333380539923
319,2.997,1.4999999959092054,47244.3535,2.708666674055013
328,2.98416666666667,1.4999999966977982,47244.147,2.7880000061381582
336,3.013,1.500000001683728,47244.253,2.827999996829376
344,2.951,1.4999999921953897,47244.1875,2.7766666811095995
345,2.936,1.4999999913125015,47244.1255,2.730000015812024
349,2.92,1.5000000010021812,47243.9155,2.6433333315697896
353,2.93,1.5000000011910013,47243.6485,2.76333333113711
356,2.914,1.5000000082486626,47243.4765,2.803333317913813
364,2.899,1.499999999125432,47242.98,2.741333334932315
367,2.905,1.5000000016388164,47242.9225,2.636666663787156
374,2.839,1.4999999970528426,47242.704,2.98133333919202
375,2.853,1.5000000014989718,47242.6875,2.760666663910065
376,2.846,1.500000003592145,47242.7255,2.737999993445544
378,2.862,1.499999997760988,47242.593,2.770666670804156
380,2.8,1.5000000000950726,47242.699,2.935999999810574
381,2.785,1.499999995388474,47242.6945,2.862000008797356
383,2.769,1.499999997373643,47242.759,2.8213333382756245
384,2.779,1.5000000010558527,47242.6535,2.7686666647216
386,2.757,1.4999999940883015,47242.8375,2.768666677577301
388,2.742,1.4999999956152228,47242.8605,2.9246666752127872
390,2.794,1.4999999977694318,47242.805,2.836000004217804
391,2.705,1.5000000061673393,47242.749,2.7413333220628378
392,2.711,1.499999998119398,47242.9605,2.748666670112494
394,2.748,1.4999999985907408,47242.931,2.738666669239777
395,2.717,1.5000000025621791,47242.803,2.8186666618539102
396,2.689,1.499999998852801,47242.878,2.830666668831016
397,2.695,1.5000000001438132,47242.817500000005,2.828666666392091
399,2.732,1.499999998440523,47242.8205,2.6313333360690803
400,2.72125,1.4999999991675808,47242.8145,2.856666668254291
402,2.7155,1.5000000003998115,47242.722,2.867999999232921
403,2.665,1.5000000059259029,47242.6915,2.675333322763497
404,2.699,1.4999999927441248,47242.7155,2.856666680487406
405,2.658,1.4999999973416764,47242.6245,2.704666671460385
407,2.643,1.4999999995057836,47242.729,2.8106666675929515
409,2.649,1.500000002836586,47242.525,2.862666661254325
410,2.628,1.4999999971768283,47242.4895,2.7406666718230137
412,2.637,1.5000000032265624,47242.4295,2.737999994112854
426,2.62933333333333,1.5000000073971924,47241.994,2.7946666528818485
434,2.622,1.500000001699519,47241.743,2.794666663502098
437,2.612,1.4999999941233744,47241.6905,2.7126666772914625
445,2.606,1.4999999943724347,47241.65549999999,2.771333343730068
451,2.60633333333333,1.499999997423023,47241.572,2.674666671263333
458,2.577,1.4999999986534964,47241.262,2.68800000241243
459,2.597,1.499999997746129,47241.2235,2.7086666707330878
462,2.581,1.4999999938726205,47241.051,2.82133334486066
463,2.569,1.5000000060003675,47240.9755,2.8033333221204773
464,2.56,1.50000000088197,47241.0225,2.667333331767556
465,2.554,1.499999998458064,47240.9345,2.874000002950508
468,2.529,1.5000000080269107,47240.8765,2.7366666520192977
470,2.523,1.5000000011933898,47240.8725,2.7286666644962625
471,2.545,1.49999999883978,47241.0025,2.7473333354577973
472,2.575,1.5000000034814962,47240.96799999999,2.927999993204003
474,2.501,1.4999999968717408,47240.9265,2.89933333938123
476,2.492,1.499999999084055,47240.941,2.8106666683831776
477,2.486,1.500000001444143,47241.0515,2.821999997283202
478,2.477,1.4999999939440627,47241.0235,2.630000010617883
479,2.461,1.4999999998082405,47241.079,2.8240000003591184
480,2.471,1.5000000003139162,47241.1325,2.815333332742905
482,2.434,1.5000000034701448,47240.936,2.790666660211664
483,2.424,1.4999999968124236,47241.075500000006,2.794000005936655
485,2.418,1.5000000012282757,47241.001,2.798666664372765
486,2.409,1.5000000038237729,47240.927,2.7946666595443768
491,2.403,1.4999999977649685,47240.938,2.728000004062721
493,2.394,1.499999997626522,47240.9405,2.7246666709776477
494,2.47766666666667,1.5000000009974006,47240.956,2.841333331445665
499,2.455,1.5000000010219383,47240.857,2.7586666647865483
502,2.44,1.49999999877103,47240.702000000005,2.845333335666998
505,2.449,1.4999999988274282,47240.547,2.740000002142286
512,2.508,1.500000000431075,47240.2515,2.6806666658967147
521,2.53733333333333,1.499999999539386,47240.053,2.7906666675246226
522,2.538,1.50000000248968,47240.1075,2.73799999545791
523,2.514,1.50000000079403,47240.1145,2.816666665174685
539,2.57316666666667,1.4999999984868064,47239.886,2.7680000027935883
546,2.591,1.500000006691059,47239.6835,2.669999988093019
564,2.366,1.499999993636025,47239.398,2.9573333458812723
566,2.35,1.50000000200818,47239.298,2.9639999960342034
568,2.341,1.4999999993925712,47239.257,2.8240000011416844
569,2.36783333333333,1.5000000029228773,47239.27,2.873333327737698
570,2.314,1.5000000005571092,47239.3295,2.897999998919862
571,2.298,1.4999999954000145,47239.3605,2.868666675463806
572,2.304,1.4999999988287342,47239.380000000005,2.8600000022337952
573,2.326,1.4999999936730382,47239.385,2.8080000118437622
576,2.283,1.4999999964233164,47239.4225,2.8406666734391792
577,2.273,1.4999999929149666,47239.4295,2.8060000132554435
578,2.267,1.4999999957012928,47239.3425,2.820666674749992
579,2.252,1.4999999987125583,47239.309,2.7946666690622863
580,2.258,1.5000000000967673,47239.2765,2.9233333331412523
581,2.30093055555556,1.5000000066796029,47239.278,2.8679999872259607
583,2.237,1.4999999969727245,47239.1235,3.074000006201995
587,2.32,1.4999999966249542,47238.9325,2.8353333397157527
590,2.246,1.500000000260188,47238.825,2.9546666661546195
591,2.30933333333333,1.4999999950643808,47238.738,2.8826666761521795
592,2.221,1.5000000004799503,47238.6835,2.939333332392611
597,2.289,1.4999999951832506,47238.4305,2.991333342939662
602,2.335,1.5000000064289796,47238.3535,2.9046666542148603
608,2.321,1.5000000047482804,47238.20450000001,3.01133332380078
611,2.31561111111111,1.4999999976887295,47238.249500000005,2.8420000043784275
612,2.357,1.5000000043514634,47238.1325,2.8619999917008228
615,2.3435,1.50000000028644,47238.215500000006,3.0286666660868766
618,2.381,1.4999999983265409,47238.1555,2.83800000316471
620,2.372,1.500000001316744,47238.1605,2.8073333308709527
665,2.215,1.4999999995590845,47237.24800000001,2.857333334173268
670,2.206,1.5000000070649084,47237.1835,2.827333320013118
714,2.489,1.5000000022916284,47236.683000000005,2.8826666622630155
754,2.23,1.5000000030421428,47236.161,2.813333327628402
760,2.27633333333333,1.4999999928556125,47236.4825,2.810000013381491
766,2.27829166666667,1.4999999962378727,47236.4705,2.971333340787125
818,2.387,1.50000000792784,47235.3245,2.9833333175647705
862,2.19,1.49999999849327,47234.9155,3.075333336425685
863,2.184,1.4999999928825922,47235.0245,3.038000014415589
866,2.178,1.499999993669911,47235.006,3.1466666799465624
873,2.169,1.5000000035240302,47234.9605,3.013999992919476
874,2.2,1.500000000688586,47234.8835,2.952666665308856
876,2.163,1.5000000012167602,47234.8155,2.992666664235176
879,2.147,1.4999999982807644,47234.817500000005,2.87666666996048
884,2.153,1.500000005679815,47234.831,2.9373333222127784
931,2.43883333333333,1.4999999921262213,47234.645,2.922666682007084
982,2.2405,1.499999995462158,47234.5735,2.7353333416102026
1054,2.4915,1.499999996977068,47234.3615,3.0260000061011327
1158,2.39316666666667,1.5000000001780072,47234.4465,2.8353333329948422
1188,2.138,1.5000000041299553,47234.1415,2.707333325880232
1189,2.132,1.5000000051819204,47234.2805,2.729999990569681
1193,2.095,1.5000000033613496,47234.366,2.7333333272072373
1194,2.079,1.5000000035943115,47234.385,2.8586666598170183
1195,2.064,1.4999999959251673,47234.436,2.82400000766965
1198,2.11,1.499999991354309,47234.350000000006,2.7920000160937937
1199,2.058,1.5000000041507595,47234.5505,2.8019999922472736
1200,2.027,1.5000000007485326,47234.5385,2.759333331958268
1202,2.018,1.499999994349862,47234.5455,2.835333344011332
1203,2.0945,1.5000000018018775,47234.4365,2.8753333298806147
1204,2.012,1.500000000850939,47234.490000000005,2.7386666651131573
1206,2.033,1.500000000998342,47234.584,2.7453333315027693
1208,2.10266666666667,1.4999999931568415,47234.5275,2.8006666794393738
1209,2.101,1.500000000897529,47234.5875,2.8019999983243085
1210,2.042,1.5000000030560174,47234.617,2.843999994207964
1213,2.049,1.4999999945870133,47234.5095,2.998000010820774
1221,2.086,1.4999999939359243,47234.3315,2.863333344907816
1227,2.08533333333333,1.5000000020304307,47234.128,2.9413333293544843
1228,2.126,1.4999999988728363,47234.227,2.894666668844636
1230,2.116,1.5000000001368414,47234.1755,2.943333333065402
1252,2.23166666666667,1.499999996308032,47234.763,2.842666673660408
1335,2.002,1.5000000014588757,47235.264500000005,2.6273333307772946
1340,1.996,1.5000000019563602,47235.3435,2.807333329673876
1341,1.981,1.500000002003657,47235.425,2.958666662715845
1344,1.99,1.4999999923726497,47235.462,2.849333347825169
1346,2.07,1.5000000045085666,47235.4895,2.8579999914122776
1349,2.01016666666667,1.499999993670474,47235.327000000005,2.7706666783549387
1421,1.959,1.5000000061338936,47235.312000000005,2.9199999880576075
1423,1.935,1.5000000015343928,47235.2045,3.1833333300731304
1424,1.922,1.499999996894498,47235.0325,3.1100000064393227
1425,1.929,1.500000001630753,47235.169,2.975999996764547
1426,1.892,1.4999999939701891,47235.058000000005,3.2000000128606856
1428,1.87,1.5000000020669912,47235.022,3.413333328631526
1429,1.907,1.500000006762192,47234.9945,3.3259999850068978
1430,1.876,1.4999999982087069,47235.0235,3.4073333374004537
1431,1.861,1.5000000004169045,47234.8765,3.40733333238441
1435,1.882,1.5000000074028363,47235.068,3.2706666505269784
1436,1.855,1.4999999949882783,47235.209,3.104000010367857
1437,1.898,1.5000000041903128,47235.2835,3.1566666578487745
1438,1.839,1.500000007098136,47235.3635,3.051333318897329
1450,1.913,1.5000000023068063,47235.767,2.825333328986705
1459,1.944,1.4999999999135236,47235.6155,2.752666666825904
1460,1.965,1.500000004217882,47235.709,2.6106666593288206
1463,1.975,1.499999998530893,47235.8205,2.49666666911366
1605,2.162,1.499999996063711,47237.762,2.826666674083026
1639,2.1775,1.499999994916151,47238.1755,2.8593333430223
1710,2.196,1.4999999987396064,47238.8635,2.7846666690038786
1719,2.1735,1.4999999991439097,47238.6935,2.828666668282537
1750,2.04266666666667,1.5000000060758798,47239.702000000005,2.8439999884774543
1774,2.01433333333333,1.5000000018685908,47239.0205,2.973999996292336
1792,2.045,1.4999999987097417,47239.450500000006,3.0420000026179244
1794,2.09866666666667,1.4999999938451123,47239.661,2.960000012147197
1795,2.0855,1.500000000211301,47239.535,2.898666666261948
1800,2.09611111111111,1.5000000005940692,47239.7555,2.9953333321485176
1841,1.815,1.500000004249911,47240.3645,2.89799999179022
1842,1.83,1.4999999940680582,47240.3995,2.96333334505202
1843,1.845,1.4999999939623032,47240.3915,3.022000012166003
1848,1.824,1.5000000028183431,47240.598,2.981333327732767
1850,1.802,1.4999999941286497,47240.628500000006,2.9860000116874748
1856,1.80566666666667,1.499999999227426,47240.5645,2.854000001471736
1857,1.83172222222222,1.499999995503837,47240.585,2.856000008560461
1869,1.83166666666667,1.500000001666907,47240.325,2.9586666633800656
1870,1.83566666666667,1.5000000023816455,47240.4245,2.94199999532911
1886,1.808,1.5000000025742533,47240.694,2.7999999951976378
1887,1.778,1.5000000001108265,47240.7775,2.869999999788146
1888,1.787,1.4999999980408716,47240.8185,2.783333336970545
1892,1.771,1.5000000022688271,47240.8995,2.9113333289287056
1893,1.793,1.500000004864571,47241.032,2.835999990803261
1918,1.762,1.5000000076424491,47241.009000000005,2.8693333187118104
1920,1.747,1.5000000059095049,47240.991,2.9879999882306723
1921,1.734,1.5000000075272328,47241.0135,2.833999985781109
1925,1.694,1.4999999976660814,47241.0625,2.784666670996818
1926,1.71,1.499999994686042,47241.2005,2.859333343465789
1930,1.667,1.5000000018793116,47241.289,2.8226666631328974
1931,1.688,1.5000000027470377,47241.2755,2.8579999947685777
1933,1.704,1.500000002456437,47241.412,2.730666662193346
1934,1.705,1.500000001097393,47241.457,2.7146666646807067
1935,1.673,1.500000000556365,47241.435,2.893333332262689
1940,1.657,1.5000000013161627,47241.5635,2.9259999974345066
1942,1.679,1.500000002013946,47241.565,2.837333329524658
1944,1.642,1.499999994544717,47241.5705,2.9033333438944706
1945,1.636,1.4999999947799607,47241.601,2.9813333437094998
1946,1.651,1.499999999320981,47241.613,2.9120000013196767
1948,1.638,1.499999997044693,47241.490000000005,2.786666672157165
1953,1.627,1.500000006896333,47241.4985,2.8193333203708653
1956,1.605,1.499999995582576,47241.458,2.7200000080114264
1958,1.621,1.499999994761066,47241.264500000005,2.7126666761382325
1959,1.599,1.5000000029370837,47241.0885,2.465999995171784
1967,1.59,1.500000000771888,47239.9815,0.8326666662356219
1968,1.614,1.5000000007049683,47240.012,0.7653333329743414
1975,1.574,1.5000000014249244,47242.4065,2.9926666638247155
1978,1.568,1.5000000019950863,47242.5245,3.0926666625502923
1982,1.584,1.499999992888525,47242.1685,2.972666680761737
1993,1.5905,1.5000000025480176,47242.097,2.853333328485661
1997,1.55575,1.4999999966599094,47242.2825,2.896666673117529
1998,1.547,1.5000000015183537,47242.34,2.89333333040712
2015,1.559,1.5000000016814632,47242.4985,3.0379999965949422
2016,1.537,1.4999999928710426,47242.4115,3.110000014781287
2020,1.58883333333333,1.5000000054739775,47242.434,3.035999988923153
2021,1.553,1.500000006115477,47242.359,3.1959999869710822
2022,1.54825,1.500000008625527,47242.2855,3.031333315901209
2023,1.531,1.4999999990523174,47242.376,3.1813333353462507
2024,1.516,1.499999995257076,47242.329,3.196000010106716
2030,1.519,1.5000000006427003,47242.2875,3.1486666653163256
2031,1.522,1.500000000012326,47242.447,3.091999999978783
2032,1.5,1.5000000026601903,47242.4575,3.101999994497678
2037,1.485,1.4999999983410608,47242.48,3.162666670163633
2040,1.55458333333333,1.4999999990968065,47242.5575,2.967333335120672
2041,1.58033333333333,1.5000000028239395,47242.563,2.8173333280309385
2047,1.54658333333333,1.4999999964959545,47242.926,2.6386666728298187
2050,1.58133333333333,1.4999999941022817,47243.5915,2.7806666776011237
2051,1.58366666666667,1.4999999921298264,47243.7695,2.97533334894166
2054,1.634,1.5000000064162635,47243.395,2.79599998803733
2056,1.66577777777778,1.4999999993431044,47242.9255,2.616666667809674
2060,1.67516666666667,1.5000000038557448,47242.3935,2.6206666599281565
2066,1.64777777777778,1.500000005542432,47242.2775,2.520666657349852
2068,1.61983333333333,1.5000000002236356,47242.172000000006,2.6119999996091403
2076,1.596,1.4999999990922632,47242.6425,2.8060000016997804
2086,1.68266666666667,1.4999999934885415,47242.965,3.0000000130229165
2126,1.64425,1.5000000042296957,47243.5875,2.8646666585879954
2135,1.6015,1.5000000006058083,47243.6615,2.9099999988233733
2162,1.55116666666667,1.5000000013656638,47243.832,2.7786666641354145
2167,1.49933333333333,1.4999999961354005,47243.9825,2.931333340883757
2168,1.53816666666667,1.5000000048645126,47244.136,2.879999990659942
2169,1.57583333333333,1.4999999971016649,47244.0,2.832000005476636
2174,1.53233333333333,1.500000001302334,47244.234,2.799999997571887
2176,1.56719444444444,1.5000000012682089,47244.295,2.8679999975773964
2177,1.56733333333333,1.4999999998638902,47244.32950000001,2.8446666669246747
2184,1.56666666666667,1.4999999970258695,47244.304,2.858666672330158
2186,1.604,1.5000000073215185,47244.3795,2.895333319201681
2189,1.624,1.4999999983695214,47244.3455,2.812666669727061
2190,1.6255,1.5000000017114217,47244.298,2.76133333018268
2207,1.725,1.5000000015623394,47244.3985,1.795333331462921
2218,1.719,1.50000000725113,47244.7405,2.992666652200788
2237,1.68883333333333,1.4999999988948127,47245.336500000005,2.900666668805444
2280,1.756,1.499999996869808,47245.4535,2.936666672798961
2340,1.89025,1.4999999970153162,47246.0855,2.884666672409727
2410,2.0335,1.4999999998810285,47246.8985,2.787333333557164
2523,2.30875,1.500000002641949,47248.4455,2.8766666616015475
2606,2.68,1.4999999981164105,47248.5485,2.9273333370065853
2608,2.726,1.49999999955767,47248.3835,2.9086666675276143
2617,2.674,1.5000000002041574,47248.328,2.8866666662749414
2740,2.52866666666667,1.5000000065545078,47250.355500000005,2.83533332094669
2779,2.45875,1.5000000005439478,47249.7765,3.084666665543489
2789,2.46425,1.5000000003835667,47250.2845,3.061999999217517
2917,2.6055,1.5000000009396726,47250.8885,2.783333331591659
2927,2.66925,1.499999999575868,47250.8265,2.690000000758088
2947,2.763,1.499999993669571,47251.248,2.6946666780397845
2956,2.809,1.49999999563184,47251.34,2.832000008246814
2957,2.816,1.4999999918300415,47251.349,2.7293333481972417
2959,2.82116666666667,1.4999999974199496,47251.4125,2.9313333383734625
2963,2.877,1.4999999998828015,47251.5235,2.84600000022252
2966,2.84516666666667,1.5000000011824586,47251.5175,2.8099999977825325
2968,2.868,1.499999995882984,47251.6755,2.8686666745401537
2973,2.883,1.499999996563273,47251.79,2.8440000065182067
2975,2.893,1.4999999931468375,47251.8135,2.895333346561964
2991,2.9035,1.499999991501033,47251.905,2.8946666830705787
3000,2.945,1.4999999982676808,47251.878,2.8960000033475963
3031,2.8775,1.5000000062178211,47253.1625,2.8553333214945718
3073,3.056,1.499999994001037,47253.433000000005,2.920000011676236
3075,3.06566666666667,1.5000000063063534,47253.3115,2.8486666546860486
3076,3.087,1.499999997422017,47253.4795,2.828666671529644
3077,3.148,1.5000000015001207,47253.428,2.845333330485365
3079,3.108,1.5000000060811007,47253.4045,2.8953333215959622
3080,3.139,1.4999999947302374,47253.4055,2.7553333430143883
3081,3.133,1.5000000004767493,47253.392,2.751999999123306
3086,3.17,1.499999998947094,47253.416,2.849333335331796
3088,3.207,1.5000000039370391,47253.569,2.783999992692506
3089,3.228,1.500000001494297,47253.609500000006,2.827333330517953
3094,3.17033333333333,1.5000000054496485,47253.6125,2.840666656345312
3099,3.216,1.4999999967940345,47253.8445,2.8340000060596986
3116,3.071,1.5000000009463863,47253.740000000005,2.7253333316112545
3122,3.065,1.5000000052662903,47253.5585,2.8246666567503165
3145,3.034,1.5000000072434514,47253.9355,2.980666652276461
3156,3.102,1.4999999995356228,47254.195,2.8586666675519767
3179,3.156,1.4999999923660563,47254.3,2.794666680891376
3181,3.1435,1.499999996255898,47254.2775,2.800666673653092
3192,3.14983333333333,1.499999995909964,47254.4695,2.979333341455269
3204,3.199,1.4999999948036342,47254.4,2.901333343383561
3210,3.222,1.500000002613853,47254.3645,3.077999994640138
3247,3.238,1.5000000033204983,47254.6605,2.7513333272430733
3256,3.281,1.4999999943344506,47254.383,2.7960000105626794
3258,3.253,1.4999999993691355,47254.2085,2.8406666678604524
3262,3.305,1.5000000026239348,47254.0695,2.980666661451103
3267,3.268,1.5000000057498684,47253.882,2.838666655786447
3270,3.29,1.4999999986387729,47253.8555,2.956666669348244
3274,3.336,1.5000000006761776,47253.8135,2.840666665390056
3275,3.288,1.5000000014880224,47253.882,2.970666663718596
3281,3.358,1.4999999952358842,47253.9745,2.819333342287327
3286,3.296,1.5000000061471754,47254.097,2.89866665478635
3321,3.21083333333333,1.4999999927387482,47254.1675,2.798000013544733
3353,3.18716666666667,1.4999999948122749,47254.1295,2.964666676919995
3372,3.117,1.5000000000810825,47253.864,2.854666666511853
3387,3.06591666666667,1.5000000065906207,47254.284,2.7439999879399104
3393,3.03766666666667,1.5000000074612878,47254.003500000006,2.8193333193090018
3410,2.98716666666667,1.4999999943315123,47252.8425,2.8193333439871435
3440,2.825,1.499999994260983,47253.80499999999,2.7613333438981096
3443,2.80633333333333,1.5000000011514305,47253.8115,2.859333331136472
3444,2.77166666666667,1.4999999975598215,47253.856,2.66933333767631
3451,2.71233333333333,1.4999999985231327,47253.5505,2.894000002849602
3481,2.40716666666667,1.5000000027379758,47254.146,2.861333328111346
3492,2.36083333333333,1.4999999969770978,47254.6125,2.8926666724961265
3570,1.95,1.499999998224581,47254.908,2.792000003305927
3605,1.875,1.500000002850469,47254.766,2.914666661125056
3667,1.741,1.4999999957448251,47255.419,2.9040000082378628
3704,1.7485,1.499999991479235,47255.6975,3.024666683850916
3736,1.74466666666667,1.4999999975836926,47256.506,2.8040000045157587
3769,1.73525,1.5000000053065865,47256.756,2.80799999006576
3779,1.7375,1.4999999964425312,47256.907,2.808000006659271
3785,1.75616666666667,1.5000000076260074,47257.0955,2.739333319409227
3905,1.87616666666667,1.5000000051568556,47257.185,2.8573333235101352
3906,1.88683333333333,1.499999997543192,47257.2415,2.8566666713429982
3907,1.84,1.5000000022193944,47257.223,2.939999995652315
3909,1.85866666666667,1.499999998182047,47257.163,2.884000003495938
3932,1.86666666666667,1.500000000656328,47258.441,3.3253333318766973
4023,2.06316666666667,1.5000000022081903,47257.306,3.067999995487667
4058,2.1,1.4999999991199089,47257.549,2.7626666682877548
4064,2.107,1.500000000628818,47257.5235,2.8206666654840538
4117,2.29683333333333,1.4999999946396163,47257.725,3.368000012033209
4129,2.25033333333333,1.4999999981831371,47257.267,3.128000003785738
4141,2.26316666666667,1.4999999964493609,47256.76149999999,3.0846666739686306
4151,2.32933333333333,1.499999998661231,47256.4335,2.89000000257878
4156,2.35383333333333,1.4999999990311783,47256.487,2.852000001841005
4320,2.52633333333333,1.4999999993524258,47257.0385,2.860666667904806
4330,2.52683333333333,1.500000003781731,47256.7545,2.9113333259923277
4336,2.52269444444444,1.49999999841199,47256.5115,2.886000003053934
4346,2.62125,1.499999996297546,47256.1075,2.987333340706821
4376,2.71733333333333,1.5000000024213869,47256.609500000006,2.9806666618535886
4381,2.73616666666667,1.499999997542249,47256.6525,2.90866667143574
4408,2.582,1.500000001895747,47256.374,2.81599999643752
4478,2.52566666666667,1.5000000009753964,47256.0335,3.0046666647113645
4532,2.49825,1.4999999981612837,47256.242,2.8800000035301414
4583,2.5945,1.5000000048578832,47256.047,3.014666656901538
4617,2.7385,1.500000003619318,47255.899000000005,2.826666659844905
4618,2.831,1.5000000015732262,47255.9845,2.8353333303575683
4673,2.65283333333333,1.5000000057893954,47256.115,3.017333321686324
4698,2.8145,1.499999997315823,47256.3015,2.9913333386868386
4699,2.837,1.4999999929689094,47256.197,2.960000013876238
4828,3.25433333333333,1.499999996894427,47255.96,2.536000005252972
4833,3.311,1.5000000010013548,47255.7325,2.872666664749698
4853,3.395,1.5000000056918408,47255.31,2.9146666556039547
4859,3.404,1.5000000013526134,47255.2235,2.8713333307445965
4865,3.383,1.5000000004097818,47255.075,2.998666665847196
4866,3.368,1.499999998234809,47254.995,2.9093333367579515
4894,3.32183333333333,1.4999999949423206,47253.7225,2.68333334238193
4901,3.33375,1.5000000079785731,47255.0035,2.18466665504756
4924,3.34316666666667,1.4999999952339609,47255.351,2.9973333428563955
4945,3.34383333333333,1.499999998294154,47255.236,3.0586666701424767
4955,3.43283333333333,1.5000000046351412,47255.112,2.9653333241728133
4956,3.441,1.4999999968305688,47255.1155,3.1086666732354478
4959,3.524,1.5000000001449945,47255.039,2.999999999710011
4961,3.478,1.499999999332356,47255.115000000005,2.9986666680010896
4974,3.592,1.499999997472102,47255.098,3.04400000512921
4981,3.619,1.5000000041968615,47255.0215,2.999333324943765
4982,3.567,1.5000000018527715,47255.0495,2.880666663106038
4985,3.5415,1.4999999960966086,47255.041,2.9253333409451545
5004,3.55783333333333,1.4999999964426138,47254.7895,2.924666673604409
5024,3.55519444444444,1.5000000021292912,47254.2905,2.8699999959261504
5025,3.50791666666667,1.5000000001762137,47254.2785,2.885999999659568
5052,3.629,1.500000001282253,47254.324,2.810666664264242
5059,3.703,1.4999999924643663,47254.446500000005,2.915333347978984
5061,3.644,1.4999999966369624,47254.3205,2.874000006444589
5062,3.65,1.4999999972263367,47254.422,3.037333338947598
5064,3.681,1.500000001058426,47254.348,2.903999997950732
5065,3.659,1.5000000007436711,47254.3305,2.8819999985689475
5067,3.672,1.5000000024570894,47254.2635,2.9686666618047064
5070,3.712,1.50000000005935,47254.357,2.9999999998813
5073,3.696,1.5000000005423428,47254.3095,2.9273333322722435
5107,3.733,1.4999999956285814,47254.405,2.9866666753679305
5110,3.786,1.5000000043451815,47254.35249999999,3.135333324251831
5111,3.77,1.5000000016665955,47254.2625,2.9019999967727053
5115,3.755,1.50000000121322,47254.2445,2.8179999977200656
5117,3.749,1.499999995789708,47254.2675,2.9540000082893734
5123,3.795,1.4999999919009177,47254.2635,2.830000015277164
5124,3.78,1.4999999957200336,47254.194,2.940000008386212
5129,3.832,1.4999999998790643,47254.24,2.932000000237087
5134,3.79433333333333,1.4999999999304932,47254.513,2.858666666799442
5137,3.838,1.5000000081877856,47254.527,2.9599999838443223
5140,3.823,1.5000000025393303,47254.545,2.97599999496193
5144,3.829,1.500000001440435,47254.592,2.851999997260205
5148,3.83316666666667,1.5000000016043886,47254.4645,2.8446666636239164
5149,3.875,1.4999999983661954,47254.5195,2.7513333363303656
5150,3.847,1.4999999994781152,47254.4105,2.936666667687625
5151,3.921,1.5000000014695192,47254.4835,2.73133333065855
5152,3.884,1.499999999405001,47254.493,2.933333334497857
5161,3.869,1.4999999999525555,47254.3165,2.931333333424188
5162,3.801,1.5000000031132317,47254.3265,2.9219999939316605
5196,3.783,1.499999999990439,47254.027,3.044000000018665
5217,3.83866666666667,1.499999998836051,47253.8565,2.880666668899482
5238,3.906,1.5000000008960723,47253.578,2.979999998220579
5253,3.89,1.499999999902615,47253.713,2.9640000001948
5259,3.967,1.5000000065017962,47253.573,2.9893333203786536
5264,3.927,1.4999999996491242,47253.4535,2.9926666673627835
5265,3.937,1.5000000087765517,47253.513,3.0159999823565404
5269,3.952,1.5000000031671992,47253.379,2.9826666603701866
5292,3.983,1.500000001449239,47253.8915,2.875333330556584
5306,3.989,1.5000000028219245,47253.844,2.9666666610884374
5308,3.974,1.4999999963429438,47253.928,3.036000007404365
5309,3.995,1.5000000012108223,47253.9245,3.0166666642325386
5316,4.01658333333333,1.4999999993820567,47253.749,3.068000001268052
5318,4.01366666666667,1.4999999965889572,47253.7785,2.9606666734034204
5319,4.026,1.4999999977507918,47253.5985,2.9593333377697624
5320,3.97833333333333,1.5000000035245935,47253.6065,2.967333326361525
5321,4.00916666666667,1.500000000032499,47253.65,2.910666666604808
5324,4.041,1.5000000012356125,47253.63,2.977333330881013
5326,4.02,1.5000000033050525,47253.466,2.970666660124919
5353,3.9785,1.4999999994796045,47253.666,2.934666667686033
5355,4.051,1.5000000030377,47253.5685,3.035333327186301
5386,3.84133333333333,1.499999991272996,47253.361,2.944000017131343
5402,3.94266666666667,1.499999992253272,47253.264,2.8853333482354877
5451,4.063,1.4999999958064976,47253.175,3.158666675500472
5457,4.057,1.500000000126182,47252.97,3.131999999739171
5460,4.069,1.5000000050525903,47252.811,3.026666656472244
5463,4.088,1.5000000063583911,47252.7545,2.9926666539819013
5467,4.08033333333333,1.500000000338948,47252.6935,2.9633333326635287
5470,4.1105,1.4999999927583396,47252.686,2.902666680679657
5472,4.131,1.499999997754384,47252.711500000005,3.05666667124215
5473,4.146,1.4999999959241754,47252.692500000005,2.994000008136549
5478,4.13225,1.500000002253503,47252.751,2.862666662367107
5479,4.155,1.5000000007189864,47252.808000000005,3.0839999985194746
5481,4.198,1.5000000067102424,47252.815,3.105333319443697
5483,4.171,1.5000000068108497,47252.915,3.057333319448437
5489,4.177,1.4999999952949732,47252.9195,3.031333342840777
5495,4.192,1.499999998452183,47252.8985,2.9820000030806693
5499,4.16466666666667,1.5000000013676942,47252.816,2.9546666639730788
5508,4.125,1.4999999960585757,47252.6255,2.9393333410565403
5511,4.109,1.499999994673123,47252.5905,2.995333343971989
5516,4.072,1.5000000024685316,47252.5015,2.8846666619177377
5518,4.1085,1.4999999931058248,47252.554,2.900000013327769
5524,4.099,1.499999995106437,47252.43,2.9680000096859125
5531,4.078,1.49999999913848,47252.448,2.789333334936115
5631,4.03933333333333,1.4999999962341717,47251.655,3.10400000779454
5698,3.95433333333333,1.5000000008350731,47251.6415,2.856666665073794
5719,3.95044444444444,1.4999999915635076,47251.5405,2.891333349594831
5725,3.99133333333333,1.5000000078245856,47251.6115,2.99399998438333
5735,4.0825,1.5000000052168991,47251.5465,3.0113333228600023
5740,4.12216666666667,1.4999999923852183,47251.5415,2.9713333484139546
5751,4.208,1.5000000052638105,47251.3675,2.9726666562366715
5753,4.266,1.5000000001974116,47251.341,3.031999999597783
5755,4.229,1.5000000019684323,47251.4185,2.9979999960677777
5758,4.223,1.499999998424987,47251.364,2.950666669764543
5762,4.245,1.4999999903559178,47251.3675,2.8660000184260057
5834,4.282,1.5000000022468798,47251.0115,2.947333328919861
5838,4.26,1.500000003388494,47250.917,2.9599999933149244
5840,4.275,1.4999999962832016,47250.93,2.922666673912289
5842,4.306,1.4999999954871917,47250.906,2.9320000088217344
5843,4.297,1.500000000638163,47250.9445,2.87266666544525
5844,4.312,1.5000000032812333,47250.9875,2.8953333270003285
5845,4.343,1.49999999973677,47251.06,2.904000000509458
5846,4.328,1.5000000064576386,47251.061,2.830666654479842
5852,4.319,1.499999999994826,47251.0185,2.970000000011409
5859,4.334,1.4999999981367138,47250.9675,2.927333336971813
5941,4.30066666666667,1.4999999969812314,47250.472,2.79600000562908
5944,4.359,1.5000000023820064,47250.446500000005,2.7886666622364285
5959,4.283,1.500000003196415,47250.5215,2.892666660502519
5974,4.248,1.4999999996357694,47250.2,2.9200000007072893
6028,4.13483333333333,1.4999999982000098,47249.823,2.869333336774148
6039,4.20633333333333,1.4999999943449127,47249.911,2.9026666776143126
6057,4.374,1.5000000075699214,47249.4385,2.964666651705216
6094,4.1565,1.500000003426368,47249.2845,2.945999993271739
6183,4.047,1.4999999918535127,47249.0975,3.0993333501641955
6198,4.03533333333333,1.4999999968078284,47249.0365,3.040666673138562
6209,4.08825,1.500000007967382,47248.837,2.8533333181768263
6211,4.097,1.4999999945108284,47248.8245,2.907333343970666
6234,4.15966666666667,1.499999997815169,47248.637,2.825333337451805
6237,4.18416666666667,1.5000000084085754,47248.6385,2.8886666504727656
6253,4.182,1.4999999988137278,47248.424,2.9853333356961413
6282,4.093,1.500000007857608,47249.104,2.7079999858179686
6329,4.26675,1.499999993810062,47247.943,3.0386666792091326
6346,4.33433333333333,1.4999999947427645,47248.23,2.884000010103682
6412,4.14975,1.4999999962779609,47248.085,2.9853333407428813
6414,4.159,1.5000000030027494,47248.345,3.018666660622753
6426,4.32675,1.5000000048647188,47249.05,3.1986666562945927
6434,4.411,1.500000003383234,47249.482,3.514666658742361
6582,4.13716666666667,1.500000002601591,47246.0195,2.987333328151965
6670,3.74016666666667,1.5000000039685186,47245.6255,2.8686666590770176
6715,3.54133333333333,1.4999999981340373,47245.0815,2.9233333369663947
6762,3.432,1.5000000035324403,47245.4135,2.913999993137103
6827,3.22875,1.4999999940181423,47244.9515,2.887333344846619
6837,3.23425,1.5000000001026763,47245.1665,2.969999999797865
6861,3.22838888888889,1.4999999932051369,47244.8145,2.908666679841032
6867,3.18683333333333,1.5000000058887435,47244.698,2.9106666552410903
6870,3.15866666666667,1.4999999993713589,47244.7215,2.896666667881419
6928,2.92933333333333,1.499999995613428,47244.007,2.8560000083518005
7025,2.701,1.499999996873005,47243.17,2.91066667273563
7077,2.6635,1.4999999949390022,47243.1435,2.906000009802667
7192,2.633,1.5000000021458832,47241.9565,3.000666662376508
7194,2.64925,1.499999999481254,47242.014500000005,2.9313333343500663
7213,2.795,1.499999999957774,47241.6685,2.9326666667524828
7224,2.84716666666667,1.5000000026315254,47241.628,2.9786666614415465
7326,3.0445,1.499999995547909,47241.8645,2.9313333420366963
7402,2.7455,1.5000000087863667,47241.188,2.9413333161019937
7435,2.685875,1.500000001548868,47241.2595,2.7526666638248654
7436,2.69791666666667,1.499999997663478,47241.279,2.8586666711198685
7441,2.66152777777778,1.5000000075188262,47241.3535,2.9713333184408097
7442,2.66008333333333,1.500000002457398,47241.448,2.747999995495214
7444,2.6845,1.4999999965416932,47241.251,2.9960000069065766
7445,2.6505,1.5000000068508903,47241.3135,2.9473333198686413
7446,2.63983333333333,1.5000000004405618,47241.3155,2.872666665823679
7447,2.63566666666667,1.500000001839384,47241.232,2.987999996333502
7448,2.59775,1.5000000003866405,47241.2395,2.7953333326171923
7449,2.63583333333333,1.4999999965884352,47241.322,2.9693333400853184
7451,2.58008333333333,1.5000000024293263,47241.283,2.935999995246512
7452,2.56470833333333,1.4999999948981906,47241.2035,2.919333343258281
7480,2.611,1.5000000060748826,47241.422,2.9119999882081027
7486,2.61325,1.5000000045327553,47241.3055,2.860666658020491
7490,2.57929166666667,1.4999999979152558,47241.095,2.85600000396912
7492,2.61925,1.4999999970504052,47241.074,2.889333339016616
7496,2.63829166666667,1.5000000024874167,47241.0035,2.752666662102524
7498,2.62375,1.4999999982565384,47240.986,2.770666669883968
7548,2.56183333333333,1.5000000002700071,47241.5175,2.7913333328296
7560,2.5795,1.4999999964695172,47241.359,2.780000006546848
7562,2.58533333333333,1.499999998097117,47241.351,2.830666670257075
7582,2.713,1.4999999991346336,47241.3755,2.787333334939281
7598,2.73,1.4999999945304834,47241.742,2.889333343870545
7643,2.61266666666667,1.49999999725788,47241.8195,2.9140000053264816
7656,2.56833333333333,1.499999999776087,47241.711500000005,2.8580000004292296
7665,2.556,1.499999995433889,47241.6805,2.9686666757044
7676,2.50383333333333,1.5000000067125727,47241.6085,2.852666653902358
7691,2.54283333333333,1.499999994537026,47241.6255,2.871333343791145
7731,2.686,1.5000000027687064,47241.715,2.8719999946970263
7769,2.69216666666667,1.5000000038005814,47241.880000000005,2.7959999929129613
7813,2.73925,1.5000000007617127,47241.8195,2.9926666651478966
7823,2.777,1.500000001762454,47241.7525,2.865999996631917
7833,2.7325,1.4999999993278994,47242.029,2.929333334646026
7835,2.77425,1.499999997507628,47242.2185,2.870000004768932
7839,2.7895,1.499999999088968,47242.3295,2.863333335071228
7841,2.79741666666667,1.5000000025001696,47242.2665,2.8059999953247234
7843,2.81058333333333,1.4999999990944095,47242.266,2.956000001785354
7848,2.797,1.5000000064062045,47242.345,2.8066666546793644
7850,2.81033333333333,1.5000000001181286,47242.29,2.959999999768445
7863,2.88825,1.4999999982492311,47241.7725,2.900666670049005
7875,2.86283333333333,1.5000000059985346,47241.6195,2.8246666553714195
7981,3.0165,1.500000001718487,47243.215500000006,3.03666666318788
8033,2.9615,1.5000000028946343,47230.2475,1.8579999964171128
8077,3.04733333333333,1.4999999967088178,47241.8805,2.9406666731188853
8143,2.84233333333333,1.4999999976594574,47241.5845,2.900666671194347
8202,3.02916666666667,1.5000000032175986,47241.0875,2.8686666605131106
8228,3.05416666666667,1.4999999988224089,47241.174,3.0000000023551823
8246,3.0535,1.499999995983328,47241.0725,2.848666674295472
8291,3.14825,1.5000000067347214,47240.888000000006,2.80933332071991
8422,3.33766666666667,1.5000000060176064,47241.034,2.7959999887852773
8432,3.24416666666667,1.4999999948174811,47240.816,2.9120000100624712
8443,3.22579166666667,1.4999999946330342,47241.0885,2.996666677390418
8444,3.22958333333333,1.4999999966300084,47241.111,2.9480000066222645
8446,3.18116666666667,1.499999999903401,47241.246,3.009333333524183
8447,3.225875,1.4999999947663964,47241.357,2.8880000100778678
8450,3.23041666666667,1.4999999985342367,47241.3625,3.0393333363040327
8460,3.19783333333333,1.4999999998537048,47241.227,2.8506666669433733
8471,3.1995,1.4999999977433032,47241.031,2.7666666708299887
8520,3.16725,1.499999992255303,47240.8915,2.852666681396873
8524,3.22,1.4999999967818831,47240.848,2.8213333393838087
8534,3.2355,1.500000003790497,47241.0895,2.872666659408181
8544,3.2715,1.500000000988559,47241.207,2.842666664795139
8552,3.232,1.5000000015433843,47241.1805,2.9459999969699187
8614,3.32266666666667,1.4999999975702825,47240.97749999999,2.796666671196546
8647,3.57475,1.4999999931968775,47240.6495,2.860666679639269
8694,3.66175,1.5000000014132773,47240.724,2.793333330703049
8698,3.6615,1.5000000076303073,47240.734,2.7546666526574075
8809,3.73585648148148,1.500000001149547,47240.722,2.810666664512904
8814,3.74841666666667,1.5000000000319802,47240.8165,2.8446666666059017
8815,3.74047222222222,1.5000000067025836,47240.8055,2.8486666539384142
8817,3.72986111111111,1.4999999935096018,47240.864,2.7306666784805627
8826,3.70066666666667,1.499999996351903,47240.8035,2.7660000067255
8881,3.84033333333333,1.4999999984368972,47240.4415,2.750000002865689
8924,3.78375,1.499999999437831,47240.4695,2.959333334441421
8928,3.791,1.4999999971951723,47240.376,2.9520000055198232
8940,3.92363888888889,1.4999999942980982,47240.259000000005,2.8200000107217096
8954,4.03666666666667,1.4999999998004732,47240.4985,3.006000000398649
8958,4.03183333333333,1.4999999999511842,47240.571,2.994666666767889
8994,3.738,1.499999997449,47240.6065,2.9086666716117096
8997,3.80922222222222,1.4999999964440591,47240.624,2.709333339759994
9004,3.73083333333333,1.5000000022306816,47240.6385,2.89133332903326
9013,3.81283333333333,1.4999999991535662,47240.688,2.933333334989552
9029,3.84733333333333,1.5000000032811227,47240.65700000001,2.8773333270386736
9049,3.97516666666667,1.50000000170047,47240.486,3.0159999965793305
9199,4.02783333333333,1.50000000249644,47240.4975,2.8446666619321905
9222,4.21,1.4999999984662091,47240.8375,3.0060000030725136
9234,4.17983333333333,1.499999999427859,47240.973,2.8586666677573507
9243,4.19066666666667,1.5000000083461418,47240.767,2.937333316991518
9326,4.03075,1.4999999979909675,47241.2595,2.9153333372425787
9332,4.042,1.499999996479468,47241.2675,3.000666673707006
9337,4.08566666666667,1.5000000017417647,47241.1345,3.0966666630736066
9370,3.9865,1.4999999953888266,47241.6545,2.907333342268911
9383,3.89233333333333,1.499999999249146,47241.762,2.880000001441445
9406,3.72025,1.5000000049062914,47241.324,2.78266665756433
9412,3.69025,1.4999999959374255,47241.5315,2.844666674370997
9415,3.6703125,1.5000000054547578,47241.65,2.961333322566253
9416,3.63083333333333,1.499999998127855,47241.563,2.896000003612704
9418,3.6885,1.4999999925354417,47241.7785,2.900666681098204
9440,3.7275,1.49999999543192,47241.671,2.909333342194309
9466,3.74275,1.4999999992088695,47241.6875,2.915333334875518
9481,3.6365,1.5000000067912365,47241.92,2.92799998674339
9532,3.37033333333333,1.499999992411803,47242.2015,3.008666681886244
9545,3.44863888888889,1.5000000048571442,47241.84299999999,2.885333323991239
9557,3.49616666666667,1.5000000037552894,47242.131,2.811999992960589
9558,3.537,1.5000000036349164,47242.06050000001,3.0339999926474266
9603,3.37533333333333,1.5000000077518756,47242.75,2.873333318482633
9613,3.29583333333333,1.5000000062721703,47242.7735,2.67399998882273
9673,3.53233333333333,1.5000000007189316,47242.854,2.895999998610198
9681,3.581,1.5000000059462375,47242.6715,3.036666654629033
9763,3.5565,1.5000000023122697,47242.7825,3.0859999952434336
9767,3.58125,1.5000000064546046,47242.8075,3.1006666533229623
9786,3.671,1.4999999994560942,47243.2315,2.958000001071302
9787,3.673,1.5000000013848307,47243.2145,2.9766666639162187
9898,3.73016666666667,1.4999999945155948,47243.8875,2.8966666772584384
9948,3.55533333333333,1.4999999940214404,47243.888,2.8440000113375223
9958,3.62283333333333,1.5000000007855012,47243.8485,2.889999998490869
9981,3.72611111111111,1.5000000087747454,47243.9405,2.841999983374123
9991,3.73616666666667,1.4999999993144508,47243.863,2.705333334567936
10106,3.87416666666667,1.4999999987712758,47244.3035,2.9073333357129725
10233,3.6845,1.5000000022562157,47244.2555,2.9686666622022577
10265,3.77466666666667,1.5000000065123944,47244.6845,2.8326666543706613
10339,3.73033333333333,1.500000002802599,47244.767,2.721333328245381
10344,3.76066666666667,1.5000000019896105,47244.6565,2.7859999963022632
10359,3.73383333333333,1.5000000027904272,47244.998,2.7373333282409584
10408,3.6175,1.4999999953105168,47245.178,2.8280000088401525
10411,3.592875,1.4999999986966233,47245.3365,2.742000002380943
10438,3.77233333333333,1.4999999951086145,47246.0695,2.743333342277776
10540,3.9405,1.5000000013328074,47245.684,2.725333330914021
10631,4.0445,1.4999999985847288,47247.121,2.934666669436808
10640,4.127,1.4999999995167967,47246.857,3.001333334300441
10651,4.196,1.49999999613115,47246.485,3.132000008080798
10692,4.29325,1.5000000031108531,47248.026,3.009333327094172
10729,4.30133333333333,1.499999997795621,47249.245,2.800000004117751
10751,4.381,1.4999999970537072,47249.2745,2.860666672283867
10789,4.448,1.5000000045472723,47249.2485,2.8993333245452804
10790,4.439,1.499999993715324,47249.249500000005,2.844666678585089
10793,4.417,1.4999999925715553,47249.201,2.745333346930513
10798,4.494,1.4999999967715063,47249.17,2.846666672791496
10801,4.454,1.5000000022881077,47249.228,2.9146666622177864
10806,4.479,1.4999999981979495,47249.216,2.701333336575987
10808,4.47,1.4999999953303054,47249.240000000005,2.7866666753421154
10809,4.485,1.4999999997918252,47249.1605,2.838000000392392
10814,4.516,1.4999999977646488,47249.26,2.721333337390193
10816,4.537,1.5000000006293102,47249.151,2.7826666654986054
10817,4.574,1.5000000077885116,47249.240000000005,2.7533333190353413
10820,4.568,1.499999991327392,47249.153000000006,2.753333349250641
10824,4.59,1.5000000008967669,47249.235,2.8946666649389003
10826,4.614,1.5000000008973708,47249.1745,2.716666665039488
10855,4.636,1.499999997645726,47249.369000000006,2.860000004489398
10862,4.642,1.5000000024174087,47249.3295,2.72733332893818
10872,4.657,1.5000000011685035,47249.126,2.7746666645077944
10890,4.651,1.5000000052956095,47249.041,2.851999989930233
10919,4.65833333333333,1.499999999042933,47249.5945,2.8993333351845574
10944,4.71683333333333,1.4999999968748547,47249.370500000005,2.8060000058429617
10965,4.74083333333333,1.5000000016074029,47249.435,3.023999996759515
10996,4.778,1.4999999987744284,47249.288,2.933333335726126
10999,4.793,1.500000003450589,47249.1905,2.904666659982348
11077,4.839,1.4999999998366365,47249.689,2.914666666986118
11080,4.861,1.4999999990838804,47249.592,2.9880000018224657
11084,4.959,1.4999999955644132,47249.535,2.8613333417904645
11085,4.938,1.4999999999984104,47249.5645,2.9500000000050663
11090,4.975,1.50000000220037,47249.689,2.835999995840377
11116,4.913,1.4999999999651996,47249.611,2.8653333334014786
11124,4.898,1.50000000205116,47249.489,2.8693333294121754
11130,4.855,1.4999999955987884,47249.474,2.785333341505817
11145,4.79283333333333,1.4999999960702233,47249.548,2.8853333408933697
11154,4.79266666666667,1.5000000018253148,47249.502,2.845333329868508
11164,4.901,1.4999999977277303,47249.3145,2.866000004340929
11169,4.88266666666667,1.500000000296017,47249.1995,3.057999999396209
11174,4.944,1.4999999989887167,47249.219,3.0133333353627547
11197,4.965,1.4999999944929356,47249.9615,2.7953333435955883
11269,4.81966666666667,1.5000000022986626,47250.0345,2.897999995560032
11302,4.84483333333333,1.5000000055017149,47250.1405,2.789999989765258
11379,4.91733333333333,1.5000000087768328,47250.6295,2.9406666494602125
11461,5.079,1.500000000135447,47250.9585,2.8539999997440746
11463,5.073,1.5000000054079754,47251.089,2.95599998933857
11500,5.12133333333333,1.499999997514288,47250.507,2.8800000047723726
11519,5.12983333333333,1.5000000030679983,47250.91650000001,3.0113333271740395
11523,5.17145833333333,1.4999999987984995,47251.041,3.0093333357457115
11544,5.07433333333333,1.500000003681449,47251.457,2.799999993126022
11555,5.058,1.4999999946744689,47251.391,2.810666676645761
11574,5.10283333333333,1.4999999999910094,47251.2245,2.8060000000136758
11582,5.13583333333333,1.4999999960095087,47251.33,2.9146666744226524
11594,5.199,1.499999997407106,47251.417,2.856000004936637
11599,5.221,1.500000002414181,47251.618,2.881333328696037
11608,5.27783333333333,1.4999999988204558,47251.554,2.840000002234629
11611,5.267,1.500000008634241,47251.6415,2.921999983181585
11612,5.289,1.5000000001785898,47251.502,2.8786666663234675
11615,5.27383333333333,1.499999995969928,47251.584,2.8466666743127136
11623,5.23,1.500000003628706,47251.7535,2.759333326655178
11626,5.205,1.5000000012401395,47251.7825,2.831333330994519
11639,5.15183333333333,1.4999999992555206,47251.908,2.929333334787374
11649,5.09383333333333,1.500000005132086,47252.002,2.8199999903489616
11656,5.15625,1.5000000083056475,47251.958,2.841333317602221
11709,5.329,1.5000000043342945,47252.349,3.095999991054172
11711,5.32,1.5000000046240085,47252.332,2.8493333245481813
11715,5.29583333333333,1.499999996763378,47252.3925,2.884666672889382
11716,5.32416666666667,1.500000000998687,47252.349,2.9093333313972565
11736,5.316,1.500000002235619,47252.450500000006,2.7313333292635678
11738,5.3035,1.5000000005901664,47252.499,2.7213333322640763
11805,5.32316666666667,1.5000000082255749,47253.195,2.8986666507699588
11810,5.341,1.5000000051936604,47253.283,2.889333323326046
11814,5.357,1.5000000071814898,47253.256,2.770666653403442
11819,5.35,1.4999999996964437,47253.352,2.894666667255257
11825,5.387,1.4999999943998077,47253.264,2.798666677113169
11828,5.366,1.4999999996952365,47253.3315,2.8686666672494323
11848,5.409,1.4999999909898063,47253.382,2.9306666842710096
11861,5.455,1.4999999967974431,47253.4005,2.980666673028989
11866,5.434,1.500000000098988,47253.366,3.025333333133996
11885,5.464,1.4999999947817824,47253.1255,2.9206666768279312
11912,5.449,1.5000000040547767,47253.429,2.849333325629469
11914,5.477,1.5000000014309427,47253.4575,2.8326666639667004
11916,5.517,1.5000000019494784,47253.532,2.7679999964038045
11928,5.507,1.499999998400163,47253.525,2.865333336391046
11929,5.50608333333333,1.5000000012598902,47253.628,3.0506666641049507
11930,5.538,1.4999999975865037,47253.7165,2.8180000045334563
11931,5.569,1.5000000068441592,47253.5785,2.8526666536521104
11933,5.52266666666667,1.5000000059072995,47253.569,2.8439999887970826
11934,5.554,1.4999999987457688,47253.5735,2.77933333565841
11935,5.575,1.4999999989556476,47253.62699999999,2.978666668741023
11937,5.53616666666667,1.500000001151147,47253.7605,2.773999997871184
11940,5.56,1.4999999991449349,47253.743,2.8386666682859163
11948,5.529,1.500000000749658,47253.8545,2.773999998613672
11951,5.584,1.4999999910349764,47253.9505,2.891333350613604
11961,5.591,1.5000000034075849,47253.978,2.855999993511726
11962,5.612,1.4999999931408208,47254.1115,2.819333346225115
11963,5.606,1.499999997560696,47254.1675,2.8393333379494616
11969,5.597,1.4999999992810285,47254.0195,2.882000001379172
11989,5.637,1.4999999973014282,47254.185,2.8213333384066024
11992,5.652,1.500000001435999,47254.221000000005,2.8039999973145138
12000,5.61516666666667,1.500000002798575,47254.2935,2.679333328334612
12013,5.628,1.499999994763286,47254.372,2.764000009649945
12017,5.621,1.500000003192382,47254.272,2.7706666607669166
12018,5.589,1.5000000008516483,47254.28,2.9146666650138373
12027,5.643,1.500000002647625,47254.1715,2.715333328538332
12042,5.665,1.499999997470054,47254.4345,2.87933333818695
12043,5.68,1.4999999962748674,47254.3925,2.716666673411356
12045,5.732,1.4999999983007202,47254.474,2.8773333365921925
12047,5.658,1.4999999983066263,47254.439,2.8040000031643544
12049,5.689,1.5000000052342268,47254.4045,2.9273333231157714
12053,5.6625,1.5000000051677218,47254.5085,2.7793333237592446
12055,5.705,1.5000000009686711,47254.548,2.7986666648571297
12056,5.65683333333333,1.499999999528007,47254.5805,2.7140000008563594
12057,5.674,1.5000000013297654,47254.645,2.7626666642176896
12058,5.748,1.499999995264649,47254.5945,3.0073333428262545
12060,5.72,1.499999999287552,47254.5615,2.8966666680384088
12064,5.711,1.499999999193132,47254.59299999999,2.857333334870366
12070,5.726,1.4999999972015905,47254.656,2.8453333386440502
12185,5.571,1.500000001373692,47256.15,2.862666664046177
12203,5.47716666666667,1.49999999709388,47256.1595,2.803333338765713
12239,5.23925,1.4999999970214386,47256.7655,2.819333338931278
12306,5.042,1.5000000040780983,47257.1825,2.849999992252583
12307,5.027,1.5000000025174365,47257.12,2.8653333285261398
12337,4.73633333333333,1.5000000022077578,47257.3485,2.8459999958113027
12395,4.77233333333333,1.500000004321005,47258.042,2.7879999919691576
12455,4.6245,1.4999999966180624,47257.8805,2.808666673001408
12472,4.547,1.4999999921578628,47257.961500000005,2.9020000151689334
12479,4.553,1.4999999954502583,47257.972,2.790666675132217
12547,4.402,1.4999999975378298,47258.9035,2.9366666714862726
12634,4.184,1.4999999981526175,47259.5425,2.808666670123188
12682,3.93333333333333,1.5000000052467195,47259.6485,2.90333332318015
12728,3.97075,1.4999999978054084,47259.94,2.7000000039473546
12762,3.69333333333333,1.4999999973198774,47260.034,2.782666671637971
12834,3.17633333333333,1.50000000433537,47259.813,2.829333325155047
12841,3.12883333333333,1.5000000034887664,47259.822,2.787999993516012
12844,3.15875,1.500000007572556,47259.646,2.759999986066109
12903,2.8165,1.499999994921929,47260.85,2.853333342992177
12984,2.338,1.499999992273162,47262.2815,2.852666681362909
13023,2.205,1.4999999950968508,47263.5685,2.7433333422992905
13076,1.9365,1.5000000005017025,47264.9605,2.9713333323361018
13083,1.916,1.4999999988007051,47264.994,3.0613333357837544
13125,1.87205555555556,1.5000000002040086,47265.874500000005,2.8113333329489194
13127,1.87883333333333,1.500000004345266,47265.878,2.8586666583858653
13147,1.90625,1.5000000008049363,47265.973,2.8653333317973946
13178,1.99109259259259,1.5000000017329127,47266.28,2.938666663268904
13187,2.02233333333333,1.4999999912334088,47266.4565,2.780666682919376
13188,2.00038888888889,1.5000000016179238,47266.538,2.8479999969262395
13190,1.98083333333333,1.49999999543352,47266.4865,2.8593333420409306
13240,2.00455555555556,1.4999999993154012,47266.449,2.9040000013252283
13246,2.05133333333333,1.499999998520407,47266.6645,2.788666669420421
13248,2.04566666666667,1.499999999255179,47266.815,2.804000001391194
13263,2.21066666666667,1.4999999952028042,47267.068,2.856000009133628
13264,2.22416666666667,1.500000000269082,47267.157,2.779999999500137
13268,2.24433333333333,1.5000000003982814,47267.141,2.8559999992414395
13342,2.49230555555556,1.499999998292817,47267.7395,2.966000003376019
13344,2.48477777777778,1.500000000292421,47267.768500000006,2.9633333327554454
13350,2.57716666666667,1.4999999982039247,47267.758,2.8893333367946807
13359,2.66933333333333,1.4999999946046347,47267.8925,2.8460000102369616
13399,2.83,1.499999999598754,47268.72,2.7720000007387084
13401,2.78679166666667,1.4999999950348026,47268.692,2.796000009252373
13403,2.80033333333333,1.4999999946466422,47268.87,2.7240000097236767
13409,2.79116666666667,1.499999997310298,47268.83,2.737333338241585
13442,3.091,1.4999999922343936,47268.94,2.806666681196397
13493,3.39475,1.500000000080344,47269.231,2.7279999998566757
13503,3.4115,1.4999999999786302,47269.657,2.8280000000392027
13509,3.40775,1.499999994591256,47269.755000000005,2.88266667706142
13570,3.684,1.5000000004533105,47270.1345,2.327333332626349
13917,4.75975,1.500000004383286,47275.307,2.809333325123887
13925,4.7515,1.500000003661805,47275.3505,2.90866665956439
13968,4.709,1.499999996996619,47276.8015,2.9033333391438285
14024,5.1665,1.5000000004439995,47277.2815,2.916666665803334
14072,4.83633333333333,1.5000000030661396,47278.0405,2.8406666608591484
14075,4.90616666666667,1.500000005744575,47278.011,2.830666655825472
14078,4.87483333333333,1.4999999970813345,47277.9905,2.818000005482501
14081,4.90833333333333,1.5000000030749476,47278.0585,2.877999994097174
14084,4.91783333333333,1.499999993889727,47278.0635,2.7420000111728
14091,5.0785,1.5000000003599816,47278.1215,2.779333332667453
14101,5.13733333333333,1.4999999992799498,47278.358,2.9213333347341965
14125,5.40533333333333,1.5000000017822317,47278.66,2.8853333299060044
14168,5.16983333333333,1.4999999974361242,47279.3715,2.9340000050136217
14174,5.157875,1.499999990631782,47279.498,2.9226666849237666
14176,5.21175,1.500000000164135,47279.4375,2.973999999671704
14178,5.19183333333333,1.5000000039304775,47279.413,2.827999992588653
14199,5.332,1.4999999977147382,47279.8975,2.883333337724174
14203,5.3425,1.5000000017195425,47279.923,2.894666663346275
14330,5.695,1.5000000018131996,47281.449,2.7999999966134204
14333,5.71866666666667,1.499999999683413,47281.527,2.898666667277212
14334,5.757,1.500000003248907,47281.42,2.8213333272249064
14336,5.742,1.4999999996933098,47281.4565,2.990000000611724
14343,5.763,1.49999999547717,47281.44,2.989333342349509
14344,5.772,1.500000006002559,47281.4565,2.6913333225611584
14345,5.779,1.4999999957894097,47281.4355,2.795333341179537
14347,5.785,1.4999999944927522,47281.4625,2.8393333437567385
14349,5.8,1.4999999958268606,47281.3475,2.8260000078582754
14353,5.809,1.500000000282569,47281.3005,2.8459999994640275
14355,5.75666666666667,1.500000001264684,47281.422,2.790666664314801
14358,5.794,1.499999990763558,47281.302,2.75866668365285
14371,5.76675,1.5000000067598038,47281.2845,2.7606666542277964
14380,5.78925,1.5000000006680614,47281.556500000006,2.7566666654402763
14404,5.825,1.5000000070501696,47282.7505,2.8393333199869426
14405,5.84,1.4999999981811964,47282.748,2.8186666700862637
14407,5.852,1.5000000025571822,47282.835,2.8533333284682283
14408,5.862,1.50000000053184,47282.9605,2.8086666656730768
14410,5.908,1.499999995623766,47282.9595,2.791333341475738
14411,5.883,1.5000000031642788,47282.845,2.7759999941468463
14412,5.877,1.4999999953968746,47282.8885,2.958000009080933
14415,5.892,1.5000000058975818,47282.9105,2.8219999889047997
14421,5.914,1.4999999958424046,47282.905,2.7706666743479924
14423,5.951,1.5000000062476104,47282.7755,2.7979999883462017
14427,5.86966666666666,1.49999999508015,47282.7655,2.8353333426309253
14428,5.899,1.5000000082591816,47282.946500000005,2.833999984393364
14435,5.846,1.5000000073871236,47283.049,2.899999985717258
14436,5.868,1.5000000023070703,47283.143,2.686666662538522
14452,5.831,1.4999999980551109,47283.907,2.772000003591361
14465,5.815,1.5000000048573368,47284.4405,2.732666657814147
14490,5.8115,1.4999999932867445,47287.42,3.256000014571037
14499,5.77583333333333,1.4999999984621208,47288.8465,3.432666670189277
14605,5.593,1.4999999976747445,47287.8395,3.315333338471423
14617,5.56269444444444,1.499999998138238,47287.7215,3.0553333371246816
14621,5.58783333333333,1.4999999951788434,47287.465500000006,2.9780000095695462
14630,5.60125,1.4999999960985788,47286.8855,2.9500000076698845
14730,5.32516666666667,1.499999998913327,47288.874,2.8546666687342217
14764,5.24483333333333,1.5000000014106565,47289.5875,2.8979999972756594
14774,5.21133333333333,1.5000000066615098,47289.8735,2.835333320739582
14845,5.087,1.4999999992181314,47291.469,2.9653333348767887
14859,5.04904166666667,1.4999999974343712,47291.72,2.892000004948783
14869,5.00983333333333,1.5000000004641922,47292.224,2.8999999991015915
14883,5.0825,1.500000003810915,47292.6865,2.83533332613269
14891,5.07466666666667,1.4999999953740388,47292.6355,2.871333342184066
14894,5.08694444444444,1.4999999967121809,47292.548,2.968000006503829
14983,4.75733333333333,1.500000005850537,47294.841,2.8759999887815617
15031,4.6355,1.4999999988635366,47295.646,3.0306666689642245
15044,4.65133333333333,1.4999999984898045,47295.982,3.246666669937148
15060,4.6855,1.5000000012873187,47295.751,3.6346666635456817
15117,4.65166666666667,1.499999997856536,47296.964,3.24000000463027
15163,4.4095,1.5000000057719605,47298.0625,2.8806666555794536
15165,4.39108333333333,1.4999999994419788,47298.1855,3.067333334471165
15169,4.3905,1.500000001173727,47298.3285,2.963333331014377
15228,4.37766666666667,1.4999999921376097,47298.9335,2.890000015147624
15248,4.36322222222222,1.4999999925537264,47299.17,2.8800000142966518
15254,4.3475,1.5000000051370326,47299.34,2.9293333233014347
15293,4.31816666666667,1.5000000060380336,47300.363,2.9013333216537363
15319,4.278,1.500000001039655,47300.8685,2.8926666646617107
15341,4.32683333333333,1.4999999957693837,47300.991,2.8266666746376705
15426,4.181,1.4999999979805272,47303.2185,2.7420000036948173
15430,4.16483333333333,1.5000000074606858,47303.3285,2.8233333192910526
15441,4.197,1.499999993460073,47303.9235,2.8553333457845045
15446,4.138,1.5000000048928257,47304.2595,2.8886666572433186
15479,3.96933333333333,1.4999999963969108,47304.7145,2.7406666732480094
15503,3.95466666666667,1.5000000007359022,47305.8405,2.908666665238041
15517,3.97045833333333,1.500000004093376,47306.16,2.8013333256870574
15521,3.94541666666667,1.5000000069483503,47306.3005,2.897999986576835
15737,3.53266666666667,1.4999999990237851,47312.153000000006,2.956000001924532
15796,3.30233333333333,1.4999999995061009,47313.696,2.976000000979857
15888,2.99983333333333,1.4999999956946486,47316.64,2.741333341202262
15964,2.6485,1.5000000014784256,47319.915,2.921333330452543
15973,2.64675,1.4999999991426656,47320.252,2.9866666683709986
16056,2.70066666666667,1.499999995945268,47322.6005,3.012666674810525
16131,2.756,1.5000000038821284,47325.213,2.7799999928088086
16144,2.804,1.4999999980305017,47325.7295,2.986000003920188
16165,2.83766666666667,1.499999998080072,47326.3555,2.9673333371319983
16205,2.83366666666667,1.500000002340888,47327.432,2.9453333287402845
16214,2.81783333333333,1.5000000014339183,47327.6255,2.907333330552179
16232,2.8155,1.4999999960805492,47328.1295,2.8340000074028597
16233,2.8115,1.5000000030229288,47328.3395,2.8486666609264875
16258,2.90525,1.499999999384105,47329.2435,2.8153333344929083
16259,2.92525,1.5000000003553529,47329.235,2.830666665995533
16269,2.90033333333333,1.4999999986519377,47329.8655,2.9873333360179197
16301,2.961,1.5000000043862098,47330.7945,2.9606666580085257
16304,2.897,1.5000000010881802,47330.777,3.1333333310583056
16352,2.93233333333333,1.499999998428703,47332.53049999999,2.9380000030771427
16358,2.99233333333333,1.5000000064988968,47332.7395,2.8233333211013534
16359,2.93583333333333,1.4999999927541257,47332.708,2.9453333475595747
16360,3.00777777777778,1.4999999947278602,47332.8045,2.998000010539268
16500,3.251,1.4999999985424444,47337.6505,2.902000002816896
16515,3.31066666666667,1.5000000006387637,47337.936,2.993333332057287
16597,3.411,1.5000000012930876,47341.715,2.9466666641301544
16636,3.398,1.500000000792666,47343.0775,2.9486666651052795
16650,3.4395,1.5000000008299477,47343.4545,3.021999998325138
16661,3.452,1.500000004549663,47343.855,2.9066666578508187
16671,3.517,1.5000000002502147,47344.4205,2.9539999995051485
16676,3.4815,1.499999999633004,47344.6125,3.015333334071775
16681,3.54325,1.499999997979264,47344.84,2.888000003892026
16713,3.544,1.499999992198089,47345.7365,2.9540000153624675
16773,3.69175,1.4999999976116911,47348.2315,3.010000004792152
16774,3.71025,1.5000000018959272,47348.4165,2.972666662911068
16790,3.68483333333333,1.4999999966774402,47349.409,2.969333339909128
16963,3.62766666666667,1.4999999925958134,47356.34,3.032000014967998
16964,3.62983333333333,1.4999999955085146,47356.3345,3.0073333423373314
16980,3.58,1.5000000052631326,47356.9825,2.892666656516969
16984,3.589,1.4999999920108182,47357.132,2.8466666818262243
16985,3.54233796296296,1.5000000020724744,47357.156,2.771999996172124
16986,3.58235185185185,1.5000000037705188,47357.2655,2.809999992934233
16988,3.57027777777778,1.5000000007938628,47357.2535,2.8833333318054124
16994,3.476,1.5000000076426694,47357.5615,2.889999985274541
17005,3.47383333333333,1.499999996087139,47358.11,3.017333341202951
17079,3.68216666666667,1.5000000048344913,47360.692,3.0746666567576937
17244,3.852,1.500000000307476,47367.928,3.0866666660370536
17304,3.80633333333333,1.4999999951998648,47370.7715,3.064666676474924
17607,3.891,1.5000000039664283,47382.258,2.983999992111043
17608,3.8945,1.4999999985682162,47382.3225,3.103333336294759
17668,3.8165,1.4999999985637749,47384.5705,3.090000002959982
17672,3.91433333333333,1.499999995871983,47384.6225,3.0460000083798717
17678,3.86533333333333,1.4999999975840723,47384.8755,3.014000004854831
18180,3.84725,1.4999999940577349,47398.9865,3.147333345804864
18195,3.76438888888889,1.5000000013466843,47399.671,3.119999997199091
18199,3.74433333333333,1.5000000041822237,47399.753,3.2079999910543378
18234,3.63366666666667,1.4999999909474957,47400.91,3.177333352505872
18310,3.49783333333333,1.4999999973426572,47402.644,3.162666672273562
18312,3.52983333333333,1.4999999979110956,47402.5735,3.2260000044924984
18396,3.354,1.5000000022808937,47403.622,3.28133332834286
18400,3.391,1.499999995071725,47403.761,3.1360000103019825
18616,3.39533333333333,1.5000000051915954,47404.735,3.207999988900478
18622,3.39833333333333,1.4999999984067818,47404.901,3.2480000034518666
18623,3.42366666666667,1.4999999973927565,47404.8875,3.086000005364512
18625,3.42015740740741,1.499999998660678,47404.9725,3.2340000028891693
18631,3.44938888888889,1.5000000078178737,47404.979,3.163999983508956
18642,3.421,1.500000001330796,47405.3205,3.192666663832162
18746,3.49333333333333,1.499999994907641,47404.669,3.21866667759463
18752,3.5215,1.499999999051862,47404.901,3.1320000019775
18780,3.44533333333333,1.5000000026163036,47404.3595,3.092666661269481
18812,3.57466666666667,1.4999999913481654,47404.014,3.24000001868835
18826,3.616,1.4999999999480151,47404.2165,3.0780000001055865
18866,3.55283333333333,1.4999999934308748,47403.575,3.100000013577162
18891,3.47522222222222,1.500000000023722,47403.689,3.0706666666179494
18901,3.43883333333333,1.4999999940031663,47403.33,3.057333345558192
18924,3.33016666666667,1.4999999961909438,47403.0175,3.111333341235016
19036,2.90216666666667,1.5000000031680776,47403.2105,3.093999993467485
19050,2.80383333333333,1.4999999973484914,47403.1685,3.168666672265813
19057,2.7925,1.5000000003769507,47403.081,3.1306666658774454
19166,2.579,1.5000000020930064,47402.234,3.385333328610543
19265,2.64333333333333,1.499999997904068,47401.0565,3.140666671052211
19295,2.71633333333333,1.500000003896238,47400.8075,3.1766666584149124
19309,2.70633333333333,1.500000002522392,47400.811,3.1346666613937595
19333,2.72833333333333,1.5000000039712198,47400.0705,3.3566666577822875
19391,2.76383333333333,1.4999999944414697,47399.230500000005,3.2460000120278445
19406,2.7265,1.4999999960574997,47398.987,3.2146666751159607
19416,2.76416666666667,1.4999999936547768,47398.912500000006,3.152666680002489
19422,2.84875,1.4999999993357351,47398.6385,3.2780000014524937
19439,2.9695,1.5000000040583987,47398.5705,3.1926666580266114
19452,2.944,1.5000000040298451,47398.293,3.2346666579758305
19512,2.88083333333333,1.5000000030036569,47396.7835,3.1566666603460263
19515,2.93970833333333,1.500000001737497,47396.739,3.1813333296464323
19673,3.569,1.5000000055261955,47394.125,3.303999987831358
19720,3.56083333333333,1.5000000065481691,47393.1935,3.237999985867091
19724,3.48433333333333,1.4999999996915847,47393.2845,3.1540000006483395
19789,3.8845,1.5000000016069484,47391.487,3.126666663318624
19793,3.91583333333333,1.5000000037385908,47391.352,3.149333325485274
19854,3.99266666666667,1.499999994521385,47389.393,3.1160000113851387
19924,4.38322222222222,1.4999999987947557,47386.936,3.0906666691490745
19925,4.34383333333333,1.5000000053741405,47386.9005,3.183333321929183
19930,4.39433333333333,1.500000001713343,47386.7695,3.2886666629084336
19967,4.4935,1.5000000032478031,47385.731,3.094666659965972
20162,4.414,1.500000003622776,47379.6195,3.1166666591412837
20208,4.47275,1.4999999974090144,47378.1405,3.282000005670745
20216,4.4805,1.5000000039920816,47377.9335,3.1979999914879897
20234,4.47333333333333,1.5000000050201088,47377.2965,3.1206666562253647
20238,4.45905555555556,1.4999999923118474,47377.188,3.0773333491072083
20253,4.43116666666667,1.500000002221814,47376.5905,3.1819999952874904
20257,4.4395,1.5000000081885474,47376.6035,3.219333315757494
20302,4.43083333333333,1.4999999935756925,47375.0635,3.2020000137136777
20310,4.45616666666667,1.5000000058873106,47374.701,3.1746666542081305
20403,4.57783333333333,1.500000003993723,47371.831000000006,3.167999991565529
20487,4.65533333333333,1.5000000066588297,47369.206,3.2093333190853883
20568,4.76675,1.499999996959464,47366.7575,3.1793333397780734
20569,4.72333333333333,1.5000000032312644,47366.6375,3.1566666598670383
20578,4.78225,1.5000000030173506,47366.145,3.287999993386433
20619,4.92033333333333,1.4999999986988983,47364.5795,3.2633333361666685
20623,4.87583333333333,1.5000000049726234,47364.442,3.217333322668229
20624,4.88272222222222,1.499999994125597,47364.319,3.2893333462159835
20689,4.74816666666667,1.500000002716148,47362.293000000005,3.0439999944872933
20700,4.80916666666667,1.5000000058605345,47362.108,3.203999987479803
20704,4.83266666666667,1.500000000932514,47361.8945,3.1619999980357347
20711,4.79483333333333,1.4999999967685582,47361.625,3.181333340185
20731,4.73083333333333,1.499999995299682,47360.334,3.178666676629608
20743,4.66375,1.4999999945256628,47360.0785,3.195333344993452
20804,4.62533333333333,1.5000000029285936,47357.7595,3.299333326887228
20921,4.61216666666667,1.4999999987296957,47354.31,3.24133333607898
20990,4.603,1.4999999997244218,47351.692,3.166666667248443
21201,4.645,1.4999999963519863,47344.2635,3.146000007649316
21205,4.6805,1.5000000030712417,47344.06,3.1093333269650114
21209,4.71416666666667,1.4999999999016431,47343.9225,3.2006666668761885
21211,4.698,1.5000000056350455,47343.825500000006,3.149999988165434
21417,4.60383333333334,1.4999999959920505,47336.229,3.166666675127894
21498,4.7195,1.500000004748441,47332.428,3.1799999899360216
21501,4.708,1.499999998343432,47332.452000000005,3.1573333368183234
21520,4.6985,1.500000002968206,47331.779,3.037333327325801
21524,4.66416666666667,1.500000002125445,47331.7445,3.107333328930395
21598,4.63933333333333,1.4999999969460776,47328.8125,3.1460000064033085
21642,4.706,1.4999999928981858,47327.267,3.0573333478055376
21651,4.66633333333333,1.499999999919979,47327.175,3.117333333499286
21660,4.72125,1.50000000144254,47326.9355,3.1926666635991725
21684,4.79,1.5000000030074652,47325.654,3.129333327056337
21722,4.88716666666667,1.4999999973266789,47325.5135,3.100666672191399
21829,5.10716666666667,1.4999999975187552,47322.727,3.265333338735426
21860,5.23516666666667,1.500000000901576,47322.0735,3.027333331512045
