sample_index,axis,baseline_distance,signal,detection_score,is_candidate
0,5.544,1.499999995006474,47247.65,0.0,False
1,5.523,1.5000000050996205,47247.7315,0.0,False
2,5.501,1.500000001953395,47247.595,0.0,False
3,5.486,1.5000000050444184,47247.6695,0.0,False
4,5.492,1.500000001405925,47247.654,0.0,False
5,5.471,1.4999999988137291,47247.55,0.0,False
6,5.44,1.5000000043670576,47247.696,0.0,False
7,5.418,1.4999999978040002,47247.583,0.0,False
8,5.424,1.499999998523943,47247.656,0.0,False
9,5.397,1.5000000003944476,47247.627,0.0,False
10,5.403,1.499999998209264,47247.613,0.0,False
11,5.381,1.499999996068743,47247.57,0.0,False
15,5.372,1.5000000062678849,47247.5895,0.0,False
18,5.335,1.5000000010907597,47247.6625,0.0,False
20,5.313,1.5000000070650383,47247.71000000001,0.0,False
22,5.304,1.5000000010098666,47247.807,0.0,False
23,5.29183333333333,1.5000000048040074,47247.7315,0.0,False
24,5.298,1.500000005013142,47247.6875,0.0,False
26,5.283,1.500000002234306,47247.7495,0.0,False
29,5.252,1.4999999958217154,47247.759,0.0,False
30,5.261,1.4999999931294306,47247.784,0.0,False
32,5.236,1.4999999948613365,47247.752,0.0,False
33,5.273,1.5000000047948296,47247.7055,0.0,False
35,5.206,1.5000000006527885,47247.6805,0.0,False
36,5.215,1.5000000014172514,47247.7135,0.0,False
37,5.2635,1.4999999911116162,47247.6715,0.0,False
38,5.184,1.4999999994779585,47247.7015,0.0,False
39,5.21425,1.5000000020667037,47247.6155,0.0,False
41,5.21185416666667,1.5000000009243075,47247.686,0.0,False
42,5.169,1.5000000000635962,47247.712,0.0,False
44,5.193,1.5000000080500688,47247.6655,0.0,False
45,5.246,1.50000000198224,47247.598,0.0,False
47,5.1995,1.4999999967225006,47247.6795,0.0,False
48,5.178,1.499999992349578,47247.651,0.0,False
52,5.153,1.5000000006645,47247.631,0.0,False
53,5.141,1.4999999995977005,47247.5445,0.0,False
55,5.132,1.500000000808249,47247.5775,0.0,False
58,5.126,1.499999999326113,47247.5845,0.0,False
59,5.163,1.5000000042595178,47247.6565,0.0,False
61,5.116,1.4999999995900597,47247.621,0.0,False
62,5.147,1.5000000010473349,47247.6515,0.0,False
63,5.11,1.499999998073036,47247.67,0.0,False
66,5.101,1.499999994455751,47247.7055,0.0,False
67,5.095,1.499999999372018,47247.6725,0.0,False
68,5.086,1.5000000018350248,47247.596000000005,0.0,False
69,5.064,1.499999996663152,47247.732,0.0,False
71,5.033,1.5000000014320345,47247.6145,0.0,False
72,5.049,1.50000000522245,47247.705,0.0,False
73,5.012,1.5000000038011665,47247.733,0.0,False
76,5.018,1.4999999995342517,47247.747,0.0,False
77,4.996,1.5000000030659115,47247.771,0.0,False
79,5.005,1.4999999927965928,47247.802,0.0,False
80,4.981,1.500000004129717,47247.849,0.0,False
81,4.99,1.499999999407235,47247.8805,0.0,False
83,4.95,1.4999999983628818,47247.8385,0.0,False
84,4.922,1.4999999960603183,47247.8655,0.0,False
85,4.928,1.499999995333402,47247.895,0.0,False
86,4.907,1.499999999622656,47247.789,0.0,False
87,4.891,1.4999999990289312,47247.825,0.0,False
88,4.885,1.4999999980723375,47247.9055,0.0,False
89,4.876,1.4999999964224122,47247.828,0.0,False
90,4.87,1.499999999611198,47247.9115,0.0,False
92,4.845,1.5000000043044688,47247.7265,0.0,False
93,4.824,1.5000000013091046,47247.7405,0.0,False
94,4.83,1.5000000015586343,47247.778,0.0,False
95,4.818,1.4999999980222318,47247.7165,0.0,False
96,4.808,1.4999999935065826,47247.619,0.0,False
97,4.802,1.499999999798677,47247.674,0.0,False
98,4.787,1.5000000007690018,47247.652,0.0,False
100,4.75,1.5000000027230167,47247.6,0.0,False
101,4.762,1.499999991828885,47247.668000000005,0.0,False
102,4.734,1.4999999943942417,47247.644,0.0,False
103,4.771,1.4999999945646385,47247.7385,0.0,False
104,4.719,1.499999998528523,47247.609,0.0,False
105,4.704,1.5000000002416265,47247.6135,0.0,False
108,4.673,1.5000000049124569,47247.596000000005,0.0,False
109,4.688,1.5000000054837834,47247.6725,0.0,False
111,4.694,1.4999999984961936,47247.614,0.0,False
118,4.71,1.4999999992494577,47247.7715,0.0,False
120,4.682,1.500000006241636,47247.704,0.0,False
124,4.7355,1.5000000073296298,47247.746,0.0,False
125,4.725,1.5000000076067268,47247.7265,0.0,False
129,4.741,1.499999996425557,47247.7085,0.0,False
132,4.756,1.5000000006033114,47247.7245,0.0,False
136,4.748375,1.5000000003282492,47247.6705,0.0,False
138,4.6975,1.500000001725331,47247.647,0.0,False
162,4.667,1.499999995692006,47247.4655,0.0,False
164,4.63,1.4999999976780056,47247.44,0.0,False
165,4.62,1.500000007657921,47247.45849999999,0.0,False
166,4.605,1.4999999988936614,47247.4575,0.0,False
167,4.599,1.5000000034494116,47247.4215,0.0,False
169,4.583,1.499999998353045,47247.3035,0.0,False
170,4.562,1.500000003864563,47247.27250000001,0.0,False
172,4.531,1.4999999929281171,47247.226,0.0,False
173,4.522,1.5000000014755468,47247.2705,0.0,False
175,4.506,1.4999999952796086,47247.2335,0.0,False
176,4.5,1.5000000060608902,47247.1605,0.0,False
178,4.463,1.500000005841598,47247.1095,0.0,False
179,4.433,1.5000000037519787,47247.139500000005,0.0,False
181,4.426,1.499999999564562,47247.047,0.0,False
182,4.396,1.5000000065945085,47247.081000000006,0.0,False
183,4.38,1.499999999699467,47247.164,0.0,False
184,4.386,1.499999996202001,47247.084,0.0,False
185,4.349,1.5000000060192529,47247.021,0.0,False
186,4.365,1.4999999969682412,47246.9635,0.0,False
188,4.291,1.4999999981845644,47247.067,0.0,False
189,4.251,1.5000000017931716,47247.0425,0.0,False
190,4.239,1.5000000016877677,47246.983,0.0,False
191,4.214,1.4999999994674833,47247.151,0.0,False
192,4.183,1.500000000428688,47247.086500000005,0.0,False
194,4.162,1.499999998375495,47246.9515,0.0,False
195,4.14,1.5000000042827837,47247.0365,0.0,False
196,4.115,1.5000000013826469,47246.9355,0.0,False
197,4.103,1.499999999995186,47246.94,0.0,False
198,4.094,1.4999999977868304,47246.914,0.0,False
199,4.035,1.5000000024284743,47246.916,0.0,False
200,4.004,1.5000000033654282,47246.895,0.0,False
201,4.011,1.500000001389806,47246.902,0.0,False
202,3.958,1.4999999984852364,47247.015,0.0,False
203,3.943,1.500000003004737,47246.9595,0.0,False
204,3.915,1.4999999985847454,47246.8075,0.0,False
205,3.9,1.4999999999761118,47246.7595,0.0,False
206,3.86,1.5000000080874238,47246.7755,0.0,False
207,3.854,1.50000000173779,47246.768,0.0,False
208,3.807,1.5000000007108365,47246.803,0.0,False
209,3.817,1.4999999946627285,47246.7145,0.0,False
211,3.764,1.5000000052566695,47246.714,0.0,False
212,3.74,1.500000006262139,47246.7355,0.0,False
213,3.727,1.500000000975738,47246.697,0.0,False
214,3.718,1.4999999996067537,47246.584,0.0,False
215,3.687,1.500000001870694,47246.5955,0.0,False
217,3.666,1.5000000053791498,47246.629,0.0,False
218,3.635,1.5000000062603216,47246.53999999999,0.0,False
219,3.613,1.5000000004772247,47246.512,0.0,False
220,3.598,1.4999999965069268,47246.536,0.0,False
222,3.576,1.499999997190588,47246.5405,0.0,False
223,3.582,1.500000003504912,47246.504,0.0,False
224,3.604,1.500000000858397,47246.44899999999,0.0,False
226,3.561,1.5000000013106924,47246.409,0.0,False
227,3.546,1.5000000056497775,47246.3425,0.0,False
228,3.539,1.4999999944915208,47246.3325,0.0,False
229,3.552,1.4999999973120637,47246.419,0.0,False
234,3.515,1.4999999929527708,47246.2245,0.0,False
235,3.509,1.499999999825471,47246.183000000005,0.0,False
236,3.53,1.4999999982531491,47246.083,0.0,False
239,3.493,1.4999999996057376,47246.0665,0.0,False
240,3.484,1.4999999919006664,47246.014,0.0,False
243,3.499,1.5000000045806716,47245.962,0.0,False
249,3.472,1.5000000024638522,47245.858,0.0,False
250,3.456,1.5000000028724314,47245.7255,0.0,False
253,3.462,1.4999999989570023,47245.7605,0.0,False
255,3.447,1.4999999954483771,47245.669,0.0,False
256,3.43316666666667,1.5000000014428243,47245.731,0.0,False
257,3.425,1.4999999988831705,47245.8095,0.0,False
258,3.41,1.5000000083764302,47245.752,0.0,False
259,3.416,1.4999999991837216,47245.8495,0.0,False
260,3.388,1.5000000011741486,47245.7125,0.0,False
263,3.379,1.4999999946338902,47245.7705,0.0,False
264,3.364,1.5000000011755374,47245.821,0.0,False
265,3.373,1.4999999980589855,47245.762,0.0,False
266,3.348,1.5000000045145525,47245.7155,0.0,False
267,3.342,1.500000001708834,47245.7595,0.0,False
269,3.327,1.5000000094644692,47245.763000000006,0.0,False
270,3.321,1.5000000000269187,47245.681,0.0,False
274,3.274,1.499999996231067,47245.598,0.0,False
275,3.27266666666667,1.4999999946901317,47245.618,0.0,False
276,3.259,1.5000000056676768,47245.527,0.0,False
277,3.244,1.499999999422314,47245.502,0.0,False
279,3.201,1.4999999952881284,47245.465,0.0,False
280,3.191,1.499999992118837,47245.466,0.0,False
281,3.185,1.499999990905389,47245.304,0.0,False
283,3.176,1.4999999951102445,47245.3105,0.0,False
284,3.161,1.4999999992540236,47245.2435,0.0,False
285,3.154,1.4999999947585672,47245.1375,0.0,False
286,3.124,1.5000000013143506,47245.23,0.0,False
288,3.093,1.4999999968024469,47245.089,0.0,False
289,3.08,1.500000006099634,47245.079,0.0,False
290,3.05,1.4999999956334944,47244.9065,0.0,False
291,3.04,1.49999999602185,47244.955,0.0,False
292,3.025,1.5000000064730428,47244.776,0.0,False
293,3.019,1.4999999976825265,47244.9125,0.0,False
297,2.982,1.4999999997928888,47244.6535,0.0,False
298,2.966,1.4999999949155394,47244.6805,0.0,False
299,3.01583333333333,1.4999999906368118,47244.608,0.0,False
300,2.973,1.4999999982557477,47244.6705,0.0,False
302,2.96,1.4999999978234266,47244.548,0.0,False
303,3.003,1.5000000002293017,47244.6475,0.0,False
307,2.988,1.4999999950722167,47244.5595,0.0,False
309,2.96916666666667,1.4999999973252571,47244.448,0.0,False
319,2.997,1.4999999959092054,47244.3535,0.0,False
328,2.98416666666667,1.4999999966977982,47244.147,0.0,False
336,3.013,1.500000001683728,47244.253,0.0,False
344,2.951,1.4999999921953897,47244.1875,0.0,False
345,2.936,1.4999999913125015,47244.1255,0.0,False
349,2.92,1.5000000010021812,47243.9155,0.0,False
353,2.93,1.5000000011910013,47243.6485,0.0,False
356,2.914,1.5000000082486626,47243.4765,0.0,False
364,2.899,1.499999999125432,47242.98,0.0,False
367,2.905,1.5000000016388164,47242.9225,0.0,False
374,2.839,1.4999999970528426,47242.704,0.0,False
375,2.853,1.5000000014989718,47242.6875,0.0,False
376,2.846,1.500000003592145,47242.7255,0.0,False
378,2.862,1.499999997760988,47242.593,0.0,False
380,2.8,1.5000000000950726,47242.699,0.0,False
381,2.785,1.499999995388474,47242.6945,0.7847110575265492,False
383,2.769,1.499999997373643,47242.759,0.664035394491845,False
384,2.779,1.5000000010558527,47242.6535,0.5666648198224361,False
386,2.757,1.4999999940883015,47242.8375,0.543678979244176,False
388,2.742,1.4999999956152228,47242.8605,0.5864581825396366,False
390,2.794,1.4999999977694318,47242.805,0.5577258818133272,False
391,2.705,1.5000000061673393,47242.749,0.6241294212564722,False
392,2.711,1.499999998119398,47242.9605,0.5938008816089242,False
394,2.748,1.4999999985907408,47242.931,0.6506269874828272,False
395,2.717,1.5000000025621791,47242.803,0.6905329607089087,False
396,2.689,1.499999998852801,47242.878,0.6806362793479858,False
397,2.695,1.5000000001438132,47242.817500000005,0.6831902616349752,False
399,2.732,1.499999998440523,47242.8205,0.574965262243538,False
400,2.72125,1.4999999991675808,47242.8145,0.44375442227848616,False
402,2.7155,1.5000000003998115,47242.722,0.47887167871762376,False
403,2.665,1.5000000059259029,47242.6915,0.375116148330741,False
404,2.699,1.4999999927441248,47242.7155,0.3026469009478657,False
405,2.658,1.4999999973416764,47242.6245,0.22506968899565719,False
407,2.643,1.4999999995057836,47242.729,0.14845022039990827,False
409,2.649,1.500000002836586,47242.525,0.12897610546509733,False
410,2.628,1.4999999971768283,47242.4895,0.1264221231781078,False
412,2.637,1.5000000032265624,47242.4295,0.0868353977390614,False
426,2.62933333333333,1.5000000073971924,47241.994,0.0868353977390614,False
434,2.622,1.500000001699519,47241.743,0.0,False
437,2.612,1.4999999941233744,47241.6905,0.02458207950879001,False
445,2.606,1.4999999943724347,47241.65549999999,0.1593046451219366,False
451,2.60633333333333,1.499999997423023,47241.572,0.3422336263915578,False
458,2.577,1.4999999986534964,47241.262,0.4951533157960206,False
459,2.597,1.499999997746129,47241.2235,0.704260615500316,False
462,2.581,1.4999999938726205,47241.051,0.950400658361314,False
463,2.569,1.5000000060003675,47240.9755,1.1990946835093015,False
464,2.56,1.50000000088197,47241.0225,1.364784284344066,False
465,2.554,1.499999998458064,47240.9345,1.552501982405277,False
468,2.529,1.5000000080269107,47240.8765,1.7421351671747614,False
470,2.523,1.5000000011933898,47240.8725,1.8123696800530367,False
471,2.545,1.49999999883978,47241.0025,1.763844016609527,False
472,2.575,1.5000000034814962,47240.96799999999,1.7632055210354567,False
474,2.501,1.4999999968717408,47240.9265,1.6709429109400267,False
476,2.492,1.499999999084055,47240.941,1.4829059650964265,False
477,2.486,1.500000001444143,47241.0515,1.4030940186396177,False
478,2.477,1.4999999939440627,47241.0235,1.2737986653828397,False
479,2.461,1.4999999998082405,47241.079,1.1700431349913112,False
480,2.471,1.5000000003139162,47241.1325,1.0870387106780885,False
482,2.434,1.5000000034701448,47240.936,1.0062690208648202,False
483,2.424,1.4999999968124236,47241.075500000006,0.994456852790978,False
485,2.418,1.5000000012282757,47241.001,0.9548701273519313,False
486,2.409,1.5000000038237729,47240.927,1.0139309677211432,False
491,2.403,1.4999999977649685,47240.938,1.2307002142817614,False
493,2.394,1.499999997626522,47240.9405,1.4356572927731832,False
494,2.47766666666667,1.5000000009974006,47240.956,1.9617776437908216,False
499,2.455,1.5000000010219383,47240.857,2.5670714456819077,False
502,2.44,1.49999999877103,47240.702000000005,3.0903185666255215,False
505,2.449,1.4999999988274282,47240.547,3.6161196698514795,False
512,2.508,1.500000000431075,47240.2515,4.289413250120886,False
521,2.53733333333333,1.499999999539386,47240.053,5.101898865003347,False
522,2.538,1.50000000248968,47240.1075,6.03346390399463,False
523,2.514,1.50000000079403,47240.1145,6.929911686546775,False
539,2.57316666666667,1.4999999984868064,47239.886,7.7535709739336545,False
546,2.591,1.500000006691059,47239.6835,8.380254377477117,False
564,2.366,1.499999993636025,47239.398,8.842205923542272,False
566,2.35,1.50000000200818,47239.298,9.319162115537686,False
568,2.341,1.4999999993925712,47239.257,9.78813711288974,False
569,2.36783333333333,1.5000000029228773,47239.27,10.108023394267816,False
570,2.314,1.5000000005571092,47239.3295,10.274670738459042,False
571,2.298,1.4999999954000145,47239.3605,10.254558127954807,False
572,2.304,1.4999999988287342,47239.380000000005,10.226145075020177,False
573,2.326,1.4999999936730382,47239.385,10.192943305293959,False
576,2.283,1.4999999964233164,47239.4225,10.188793084076439,False
577,2.273,1.4999999929149666,47239.4295,10.172137145297665,False
578,2.267,1.4999999957012928,47239.3425,10.250050913686017,False
579,2.252,1.4999999987125583,47239.309,10.455388781743052,False
580,2.258,1.5000000000967673,47239.2765,10.728629307619535,False
581,2.30093055555556,1.5000000066796029,47239.278,11.078183516560642,False
583,2.237,1.4999999969727245,47239.1235,11.489082129514957,False
587,2.32,1.4999999966249542,47238.9325,12.071390090827784,False
590,2.246,1.500000000260188,47238.825,12.681472609510458,False
591,2.30933333333333,1.4999999950643808,47238.738,13.365939862279637,False
592,2.221,1.5000000004799503,47238.6835,14.07217101840157,False
597,2.289,1.4999999951832506,47238.4305,14.77832981196105,False
602,2.335,1.5000000064289796,47238.3535,15.316520037051696,False
608,2.321,1.5000000047482804,47238.20450000001,15.828309816479507,False
611,2.31561111111111,1.4999999976887295,47238.249500000005,16.284537018921,False
612,2.357,1.5000000043514634,47238.1325,17.266516495444407,False
615,2.3435,1.50000000028644,47238.215500000006,17.9184223973167,False
618,2.381,1.4999999983265409,47238.1555,18.679866300015664,False
620,2.372,1.500000001316744,47238.1605,19.611713681276104,True
665,2.215,1.4999999995590845,47237.24800000001,20.242469192195628,True
670,2.206,1.5000000070649084,47237.1835,20.761729609139767,True
714,2.489,1.5000000022916284,47236.683000000005,21.611209180134107,True
754,2.23,1.5000000030421428,47236.161,22.613356324290272,True
760,2.27633333333333,1.4999999928556125,47236.4825,23.56779979345993,True
766,2.27829166666667,1.4999999962378727,47236.4705,24.118196409935074,True
818,2.387,1.50000000792784,47235.3245,24.964425816208397,True
862,2.19,1.49999999849327,47234.9155,25.692166603852044,True
863,2.184,1.4999999928825922,47235.0245,26.189881329950506,True
866,2.178,1.499999993669911,47235.006,27.0748514753392,True
873,2.169,1.5000000035240302,47234.9605,28.231404319019518,True
874,2.2,1.500000000688586,47234.8835,28.967627651047035,True
876,2.163,1.5000000012167602,47234.8155,29.30925923522491,True
879,2.147,1.4999999982807644,47234.817500000005,29.618838586930337,True
884,2.153,1.500000005679815,47234.831,29.625004049002364,True
931,2.43883333333333,1.4999999921262213,47234.645,29.57698360498619,True
982,2.2405,1.499999995462158,47234.5735,29.42561546785735,True
1054,2.4915,1.499999996977068,47234.3615,29.199899757092428,True
1158,2.39316666666667,1.5000000001780072,47234.4465,28.90812294999875,True
1188,2.138,1.5000000041299553,47234.1415,28.268932367254532,True
1189,2.132,1.5000000051819204,47234.2805,27.810759827052934,True
1193,2.095,1.5000000033613496,47234.366,27.467812578695895,True
1194,2.079,1.5000000035943115,47234.385,27.074678938233625,True
1195,2.064,1.4999999959251673,47234.436,26.323308091920993,True
1198,2.11,1.499999991354309,47234.350000000006,25.47122414258641,True
1199,2.058,1.5000000041507595,47234.5505,24.663711970853033,True
1200,2.027,1.5000000007485326,47234.5385,23.81605108900306,True
1202,2.018,1.499999994349862,47234.5455,22.996223243923367,True
1203,2.0945,1.5000000018018775,47234.4365,22.268624821567315,True
1204,2.012,1.500000000850939,47234.490000000005,21.493087403080008,True
1206,2.033,1.500000000998342,47234.584,20.8424761735195,True
1208,2.10266666666667,1.4999999931568415,47234.5275,20.25680549439788,True
1209,2.101,1.500000000897529,47234.5875,20.186319857254205,True
1210,2.042,1.5000000030560174,47234.617,20.023916375824612,True
1213,2.049,1.4999999945870133,47234.5095,19.755878726885,True
1221,2.086,1.4999999939359243,47234.3315,19.124008225741083,True
1227,2.08533333333333,1.5000000020304307,47234.128,18.300002631364332,False
1228,2.126,1.4999999988728363,47234.227,17.424939390945,False
1230,2.116,1.5000000001368414,47234.1755,16.40860488278013,False
1252,2.23166666666667,1.499999996308032,47234.763,15.329905109271298,False
1335,2.002,1.5000000014588757,47235.264500000005,14.312107262757614,False
1340,1.996,1.5000000019563602,47235.3435,13.282680637633492,False
1341,1.981,1.500000002003657,47235.425,12.310416270137441,False
1344,1.99,1.4999999923726497,47235.462,11.479373004167595,False
1346,2.07,1.5000000045085666,47235.4895,11.126125991051744,False
1349,2.01016666666667,1.499999993670474,47235.327000000005,10.918050294931433,False
1421,1.959,1.5000000061338936,47235.312000000005,10.80399955531757,False
1423,1.935,1.5000000015343928,47235.2045,10.848568000734366,False
1424,1.922,1.499999996894498,47235.0325,10.924557463477841,False
1425,1.929,1.500000001630753,47235.169,11.0019413724384,False
1426,1.892,1.4999999939701891,47235.058000000005,11.088735774496373,False
1428,1.87,1.5000000020669912,47235.022,11.133520921783791,False
1429,1.907,1.500000006762192,47234.9945,11.118071974478097,False
1430,1.876,1.4999999982087069,47235.0235,10.994289068303788,False
1431,1.861,1.5000000004169045,47234.8765,10.882991658187608,False
1435,1.882,1.5000000074028363,47235.068,10.725634635091088,False
1436,1.855,1.4999999949882783,47235.209,10.591395623026383,False
1437,1.898,1.5000000041903128,47235.2835,10.437177572617102,False
1438,1.839,1.500000007098136,47235.3635,10.275088281102997,False
1450,1.913,1.5000000023068063,47235.767,9.691053491721005,False
1459,1.944,1.4999999999135236,47235.6155,9.068179737703755,False
1460,1.965,1.500000004217882,47235.709,8.347120134727437,False
1463,1.975,1.499999998530893,47235.8205,7.742328398368766,False
1605,2.162,1.499999996063711,47237.762,6.996971332144922,False
1639,2.1775,1.499999994916151,47238.1755,6.447413829751258,False
1710,2.196,1.4999999987396064,47238.8635,5.794005961219852,False
1719,2.1735,1.4999999991439097,47238.6935,5.119225451756119,False
1750,2.04266666666667,1.5000000060758798,47239.702000000005,4.494118488240656,False
1774,2.01433333333333,1.5000000018685908,47239.0205,4.204288205920223,False
1792,2.045,1.4999999987097417,47239.450500000006,3.8186289654292076,False
1794,2.09866666666667,1.4999999938451123,47239.661,3.5789023929326556,False
1795,2.0855,1.500000000211301,47239.535,3.3012107630140175,False
1800,2.09611111111111,1.5000000005940692,47239.7555,3.116594213612897,False
1841,1.815,1.500000004249911,47240.3645,2.759410989257568,False
1842,1.83,1.4999999940680582,47240.3995,2.497390930872205,False
1843,1.845,1.4999999939623032,47240.3915,2.264162230766276,False
1848,1.824,1.5000000028183431,47240.598,2.083397735400368,False
1850,1.802,1.4999999941286497,47240.628500000006,1.9255880345032825,False
1856,1.80566666666667,1.499999999227426,47240.5645,1.8508157204798745,False
1857,1.83172222222222,1.499999995503837,47240.585,1.742931805495041,False
1869,1.83166666666667,1.500000001666907,47240.325,1.6160681632426113,False
1870,1.83566666666667,1.5000000023816455,47240.4245,1.5242510635134194,False
1886,1.808,1.5000000025742533,47240.694,1.387343665394782,False
1887,1.778,1.5000000001108265,47240.7775,1.2365547526617604,False
1888,1.787,1.4999999980408716,47240.8185,1.099003907805145,False
1892,1.771,1.5000000022688271,47240.8995,0.8658395274136672,False
1893,1.793,1.500000004864571,47241.032,0.6496619394401598,False
1918,1.762,1.5000000076424491,47241.009000000005,0.5233622865756667,False
1920,1.747,1.5000000059095049,47240.991,0.45655766131641357,False
1921,1.734,1.5000000075272328,47241.0135,0.3990668203243756,False
1925,1.694,1.4999999976660814,47241.0625,0.3932277572151064,False
1926,1.71,1.499999994686042,47241.2005,0.4260928281706854,False
1930,1.667,1.5000000018793116,47241.289,0.4395573726579689,False
1931,1.688,1.5000000027470377,47241.2755,0.48693083262143677,False
1933,1.704,1.500000002456437,47241.412,0.5098797760126844,False
1934,1.705,1.500000001097393,47241.457,0.5426330439501019,False
1935,1.673,1.500000000556365,47241.435,0.5823562409268789,False
1940,1.657,1.5000000013161627,47241.5635,0.5960080070677957,False
1942,1.679,1.500000002013946,47241.565,0.5460457285888953,False
1944,1.642,1.499999994544717,47241.5705,0.47215047056164194,False
1945,1.636,1.4999999947799607,47241.601,0.4541554299335338,False
1946,1.651,1.499999999320981,47241.613,0.5387428963796576,False
1948,1.638,1.499999997044693,47241.490000000005,0.6812701287324789,False
1953,1.627,1.500000006896333,47241.4985,1.5094657444117978,False
1956,1.605,1.499999995582576,47241.458,2.334493738917934,False
1958,1.621,1.499999994761066,47241.264500000005,2.4415636364380786,False
1959,1.599,1.5000000029370837,47241.0885,2.5694082901967787,False
1967,1.59,1.500000000771888,47239.9815,2.5713369810973945,False
1968,1.614,1.5000000007049683,47240.012,2.6556191424567044,False
1975,1.574,1.5000000014249244,47242.4065,2.606357269750471,False
1978,1.568,1.5000000019950863,47242.5245,2.4914907229643037,False
1982,1.584,1.499999992888525,47242.1685,2.3515806245442468,False
1993,1.5905,1.5000000025480176,47242.097,1.5046097933972709,False
1997,1.55575,1.4999999966599094,47242.2825,0.674170598515514,False
1998,1.547,1.5000000015183537,47242.34,0.5036192177497587,False
2015,1.559,1.5000000016814632,47242.4985,0.35843913388437865,False
2016,1.537,1.4999999928710426,47242.4115,0.36637141900036546,False
2020,1.58883333333333,1.5000000054739775,47242.434,0.32559573609578013,False
2021,1.553,1.500000006115477,47242.359,0.3939264993133237,False
2022,1.54825,1.500000008625527,47242.2855,0.3756421319381186,False
2023,1.531,1.4999999990523174,47242.376,0.2829044592120742,False
2024,1.516,1.499999995257076,47242.329,0.24984118668965502,False
2030,1.519,1.5000000006427003,47242.2875,0.2405923518447113,False
2031,1.522,1.500000000012326,47242.447,0.27613536980791564,False
2032,1.5,1.5000000026601903,47242.4575,0.44638843533719935,False
2037,1.485,1.4999999983410608,47242.48,1.0169880879981128,False
2040,1.55458333333333,1.4999999990968065,47242.5575,1.6533254702774713,False
2041,1.58033333333333,1.5000000028239395,47242.563,2.0308043658292494,False
2047,1.54658333333333,1.4999999964959545,47242.926,2.0236406567829928,False
2050,1.58133333333333,1.4999999941022817,47243.5915,2.339688212598661,False
2051,1.58366666666667,1.4999999921298264,47243.7695,2.766255190885641,False
2054,1.634,1.5000000064162635,47243.395,3.504584982856379,False
2056,1.66577777777778,1.4999999993431044,47242.9255,4.072420280071341,False
2060,1.67516666666667,1.5000000038557448,47242.3935,4.2511893570555195,False
2066,1.64777777777778,1.500000005542432,47242.2775,3.7179774006780186,False
2068,1.61983333333333,1.5000000002236356,47242.172000000006,3.1070910616787164,False
2076,1.596,1.4999999990922632,47242.6425,2.6612814029093945,False
2086,1.68266666666667,1.4999999934885415,47242.965,2.6612814029093945,False
2126,1.64425,1.5000000042296957,47243.5875,2.426283172142968,False
2135,1.6015,1.5000000006058083,47243.6615,2.0741528643951326,False
2162,1.55116666666667,1.5000000013656638,47243.832,1.2932727803130046,False
2167,1.49933333333333,1.4999999961354005,47243.9825,0.6898944651348383,False
2168,1.53816666666667,1.5000000048645126,47244.136,0.30998960002179904,False
2169,1.57583333333333,1.4999999971016649,47244.0,0.26274092772178403,False
2174,1.53233333333333,1.500000001302334,47244.234,0.22570818456508152,False
2176,1.56719444444444,1.5000000012682089,47244.295,0.22570818456508152,False
2177,1.56733333333333,1.4999999998638902,47244.32950000001,0.27774557365204045,False
2184,1.56666666666667,1.4999999970258695,47244.304,0.1909101759129791,False
2186,1.604,1.5000000073215185,47244.3795,0.10407477817391769,False
2189,1.624,1.4999999983695214,47244.3455,0.10407477817391769,False
2190,1.6255,1.5000000017114217,47244.298,0.10407477817391769,False
2207,1.725,1.5000000015623394,47244.3985,0.08396216766503654,False
2218,1.719,1.50000000725113,47244.7405,0.08396216766503654,False
2237,1.68883333333333,1.4999999988948127,47245.336500000005,0.12706061875217778,False
2280,1.756,1.499999996869808,47245.4535,0.2324123880649448,False
2340,1.89025,1.4999999970153162,47246.0855,0.21996172441703224,False
2410,2.0335,1.4999999998810285,47246.8985,0.3607499979559719,False
2523,2.30875,1.500000002641949,47248.4455,0.7304389339256986,False
2606,2.68,1.4999999981164105,47248.5485,1.0547946843083298,False
2608,2.726,1.49999999955767,47248.3835,1.1001278698954253,False
2617,2.674,1.5000000002041574,47248.328,1.1397145953344718,False
2740,2.52866666666667,1.5000000065545078,47250.355500000005,1.1793013207735181,False
2779,2.45875,1.5000000005439478,47249.7765,1.1042780911082992,False
2789,2.46425,1.5000000003835667,47250.2845,0.9989263217955321,False
2917,2.6055,1.5000000009396726,47250.8885,0.9593395963564857,False
2927,2.66925,1.499999999575868,47250.8265,0.8185513228175461,False
2947,2.763,1.499999993669571,47251.248,0.4526933602783037,False
2956,2.809,1.49999999563184,47251.34,0.13196390430209906,False
2957,2.816,1.4999999918300415,47251.349,0.08663071871500337,False
2959,2.82116666666667,1.4999999974199496,47251.4125,0.04704399327595698,False
2963,2.877,1.4999999998828015,47251.5235,0.007457267836910586,False
2966,2.84516666666667,1.5000000011824586,47251.5175,0.02267134511920068,False
2968,2.868,1.499999995882984,47251.6755,0.03782844084007053,False
2973,2.883,1.499999996563273,47251.79,0.21679779659066808,False
2975,2.893,1.4999999931468375,47251.8135,0.36585805022166235,False
2991,2.9035,1.499999991501033,47251.905,0.43724602178288907,False
3000,2.945,1.4999999982676808,47251.878,0.6014158354333528,False
3031,2.8775,1.5000000062178211,47253.1625,0.7408326345732955,False
3073,3.056,1.499999994001037,47253.433000000005,0.8672996519731524,False
3075,3.06566666666667,1.5000000063063534,47253.3115,0.9943177239171879,False
3076,3.087,1.499999997422017,47253.4795,1.0986824822605872,False
3077,3.148,1.5000000015001207,47253.428,1.2163295311735725,False
3079,3.108,1.5000000060811007,47253.4045,1.2544756649954139,False
3080,3.139,1.4999999947302374,47253.4055,1.3448486098918973,False
3081,3.133,1.5000000004767493,47253.392,1.5107160270521809,False
3086,3.17,1.499999998947094,47253.416,1.7104995392357254,False
3088,3.207,1.5000000039370391,47253.569,1.869273099333901,False
3089,3.228,1.500000001494297,47253.609500000006,1.9370006812149856,False
3094,3.17033333333333,1.5000000054496485,47253.6125,2.1776888620017645,False
3099,3.216,1.4999999967940345,47253.8445,2.5213966086593516,False
3116,3.071,1.5000000009463863,47253.740000000005,2.853117780491183,False
3122,3.065,1.5000000052662903,47253.5585,3.0912371010159743,False
3145,3.034,1.5000000072434514,47253.9355,3.330886639483756,False
3156,3.102,1.4999999995356228,47254.195,3.516803471307631,False
3179,3.156,1.4999999923660563,47254.3,3.560031203043177,False
3181,3.1435,1.499999996255898,47254.2775,3.735578916253193,False
3192,3.14983333333333,1.499999995909964,47254.4695,3.907168755773856,False
3204,3.199,1.4999999948036342,47254.4,3.842017277311358,False
3210,3.222,1.500000002613853,47254.3645,3.6390681208529116,False
3247,3.238,1.5000000033204983,47254.6605,3.3704207945131572,False
3256,3.281,1.4999999943344506,47254.383,3.1013137061663705,False
3258,3.253,1.4999999993691355,47254.2085,2.770148657621527,False
3262,3.305,1.5000000026239348,47254.0695,2.5054272288123522,False
3267,3.268,1.5000000057498684,47253.882,2.2685451670148846,False
3270,3.29,1.4999999986387729,47253.8555,1.9719810205570196,False
3274,3.336,1.5000000006761776,47253.8135,1.7969179717181578,False
3275,3.288,1.5000000014880224,47253.882,1.6777824082501949,False
3281,3.358,1.4999999952358842,47253.9745,1.5498450203941343,False
3286,3.296,1.5000000061471754,47254.097,1.5952217479779225,False
3321,3.21083333333333,1.4999999927387482,47254.1675,1.5893280511362953,False
3353,3.18716666666667,1.4999999948122749,47254.1295,1.5137432694845274,False
3372,3.117,1.5000000000810825,47253.864,1.4840860918533691,False
3387,3.06591666666667,1.5000000065906207,47254.284,1.444153738131624,False
3393,3.03766666666667,1.5000000074612878,47254.003500000006,1.4103406758123107,False
3410,2.98716666666667,1.4999999943315123,47252.8425,1.2986677503252282,False
3440,2.825,1.499999994260983,47253.80499999999,1.3196588165069811,False
3443,2.80633333333333,1.5000000011514305,47253.8115,1.4898744048641304,False
3444,2.77166666666667,1.4999999975598215,47253.856,1.613442560492057,False
3451,2.71233333333333,1.4999999985231327,47253.5505,1.7681382479203818,False
3481,2.40716666666667,1.5000000027379758,47254.146,2.168201491017378,False
3492,2.36083333333333,1.4999999969770978,47254.6125,2.56660154167792,False
3570,1.95,1.499999998224581,47254.908,3.1338347974236695,False
3605,1.875,1.500000002850469,47254.766,3.744328930533653,False
3667,1.741,1.4999999957448251,47255.419,4.450923260803881,False
3704,1.7485,1.499999991479235,47255.6975,5.0718378972206,False
3736,1.74466666666667,1.4999999975836926,47256.506,5.613388296331444,False
3769,1.73525,1.5000000053065865,47256.756,6.104625558265023,False
3779,1.7375,1.4999999964425312,47256.907,6.621861449660661,False
3785,1.75616666666667,1.5000000076260074,47257.0955,6.988999990399465,False
3905,1.87616666666667,1.5000000051568556,47257.185,7.566548491842389,False
3906,1.88683333333333,1.499999997543192,47257.2415,7.734960666492416,False
3907,1.84,1.5000000022193944,47257.223,7.901899234614711,False
3909,1.85866666666667,1.499999998182047,47257.163,8.03168186670588,False
3932,1.86666666666667,1.500000000656328,47258.441,8.164201196633387,False
4023,2.06316666666667,1.5000000022081903,47257.306,8.181463444535563,False
4058,2.1,1.4999999991199089,47257.549,8.080416139744322,False
4064,2.107,1.500000000628818,47257.5235,7.914214374885891,False
4117,2.29683333333333,1.4999999946396163,47257.725,7.7719060873059505,False
4129,2.25033333333333,1.4999999981831371,47257.267,7.4766584936217475,False
4141,2.26316666666667,1.4999999964493609,47256.76149999999,7.36055935072299,False
4151,2.32933333333333,1.499999998661231,47256.4335,7.165596593430461,False
4156,2.35383333333333,1.4999999990311783,47256.487,6.9232847116486,False
4320,2.52633333333333,1.4999999993524258,47257.0385,6.761091683652651,False
4330,2.52683333333333,1.500000003781731,47256.7545,6.72701495038863,False
4336,2.52269444444444,1.49999999841199,47256.5115,6.733094162095547,False
4346,2.62125,1.499999996297546,47256.1075,6.8289761610266915,False
4376,2.71733333333333,1.5000000024213869,47256.609500000006,6.994231792296936,False
4381,2.73616666666667,1.499999997542249,47256.6525,7.021677713878884,False
4408,2.582,1.500000001895747,47256.374,7.0655832940947185,False
4478,2.52566666666667,1.5000000009753964,47256.0335,7.162227221179143,False
4532,2.49825,1.4999999981612837,47256.242,7.349791988992168,False
4583,2.5945,1.5000000048578832,47256.047,7.469416537330399,False
4617,2.7385,1.500000003619318,47255.899000000005,7.526748623612538,False
4618,2.831,1.5000000015732262,47255.9845,7.580958996846986,False
4673,2.65283333333333,1.5000000057893954,47256.115,7.518316876936769,False
4698,2.8145,1.499999997315823,47256.3015,7.256225825097035,False
4699,2.837,1.4999999929689094,47256.197,6.981954694084526,False
4828,3.25433333333333,1.499999996894427,47255.96,6.704190523753834,False
4833,3.311,1.5000000010013548,47255.7325,6.385025826879247,False
4853,3.395,1.5000000056918408,47255.31,5.674097591394176,False
4859,3.404,1.5000000013526134,47255.2235,5.264482489348085,False
4865,3.383,1.5000000004097818,47255.075,4.9917196020497165,False
4866,3.368,1.499999998234809,47254.995,4.755998364568037,False
4894,3.32183333333333,1.4999999949423206,47253.7225,4.581505341321561,False
4901,3.33375,1.5000000079785731,47255.0035,4.549191320102184,False
4924,3.34316666666667,1.4999999952339609,47255.351,4.531588942836988,False
4945,3.34383333333333,1.499999998294154,47255.236,4.586573251186987,False
4955,3.43283333333333,1.5000000046351412,47255.112,4.652892431833062,False
4956,3.441,1.4999999968305688,47255.1155,5.050110816176911,False
4959,3.524,1.5000000001449945,47255.039,5.099712749467146,False
4961,3.478,1.499999999332356,47255.115000000005,5.043833431741444,False
4974,3.592,1.499999997472102,47255.098,4.9511582815977295,False
4981,3.619,1.5000000041968615,47255.0215,4.7533329913809945,False
4982,3.567,1.5000000018527715,47255.0495,4.5312813918430805,False
4985,3.5415,1.4999999960966086,47255.041,4.346484857362075,False
5004,3.55783333333333,1.4999999964426138,47254.7895,4.17559345597359,False
5024,3.55519444444444,1.5000000021292912,47254.2905,3.9816652659476404,False
5025,3.50791666666667,1.5000000001762137,47254.2785,3.843687797205749,False
5052,3.629,1.500000001282253,47254.324,3.673145679254672,False
5059,3.703,1.4999999924643663,47254.446500000005,3.496085085823241,False
5061,3.644,1.4999999966369624,47254.3205,3.3661852295308896,False
5062,3.65,1.4999999972263367,47254.422,3.4361615650850457,False
5064,3.681,1.500000001058426,47254.348,3.4902458852643683,False
5065,3.659,1.5000000007436711,47254.3305,3.5758049668147027,False
5067,3.672,1.5000000024570894,47254.2635,3.6056720862889424,False
5070,3.712,1.50000000005935,47254.357,3.6354485044615803,False
5073,3.696,1.5000000005423428,47254.3095,3.632290348186056,False
5107,3.733,1.4999999956285814,47254.405,3.6663713231830304,False
5110,3.786,1.5000000043451815,47254.35249999999,3.740589996323299,False
5111,3.77,1.5000000016665955,47254.2625,3.811412075008223,False
5115,3.755,1.50000000121322,47254.2445,3.842947750028063,False
5117,3.749,1.499999995789708,47254.2675,4.0241383168643345,False
5123,3.795,1.4999999919009177,47254.2635,4.179394232979634,False
5124,3.78,1.4999999957200336,47254.194,4.393529486124529,False
5129,3.832,1.4999999998790643,47254.24,4.682135849376225,False
5134,3.79433333333333,1.4999999999304932,47254.513,4.9162999474082545,False
5137,3.838,1.5000000081877856,47254.527,5.178318935471636,False
5140,3.823,1.5000000025393303,47254.545,5.359315274068269,False
5144,3.829,1.500000001440435,47254.592,5.614856097658257,False
5148,3.83316666666667,1.5000000016043886,47254.4645,5.859619556709732,False
5149,3.875,1.4999999983661954,47254.5195,5.931356799004522,False
5150,3.847,1.4999999994781152,47254.4105,5.9980150497506015,False
5151,3.921,1.5000000014695192,47254.4835,5.854996384534999,False
5152,3.884,1.499999999405001,47254.493,5.577842690398986,False
5161,3.869,1.4999999999525555,47254.3165,5.188486397496174,False
5162,3.801,1.5000000031132317,47254.3265,4.843662280243398,False
5196,3.783,1.499999999990439,47254.027,4.463587678104654,False
5217,3.83866666666667,1.499999998836051,47253.8565,3.9580396210217765,False
5238,3.906,1.5000000008960723,47253.578,3.480690250168401,False
5253,3.89,1.499999999902615,47253.713,2.9579058557388804,False
5259,3.967,1.5000000065017962,47253.573,2.743813259609733,False
5264,3.927,1.4999999996491242,47253.4535,2.6662095488141646,False
5265,3.937,1.5000000087765517,47253.513,2.7300665985110717,False
5269,3.952,1.5000000031671992,47253.379,2.9579783875982146,False
5292,3.983,1.500000001449239,47253.8915,2.988478522937621,False
5306,3.989,1.5000000028219245,47253.844,3.119689362907318,False
5308,3.974,1.4999999963429438,47253.928,3.212271220789783,False
5309,3.995,1.5000000012108223,47253.9245,3.271970556737711,False
5316,4.01658333333333,1.4999999993820567,47253.749,3.445002856646409,False
5318,4.01366666666667,1.4999999965889572,47253.7785,3.27803626466815,False
5319,4.026,1.4999999977507918,47253.5985,3.036684938598741,False
5320,3.97833333333333,1.5000000035245935,47253.6065,2.869399098833447,False
5321,4.00916666666667,1.500000000032499,47253.65,2.642094675337835,False
5324,4.041,1.5000000012356125,47253.63,2.394358393546307,False
5326,4.02,1.5000000033050525,47253.466,2.0658524219508023,False
5353,3.9785,1.4999999994796045,47253.666,1.9263411395553574,False
5355,4.051,1.5000000030377,47253.5685,1.683074326768384,False
5386,3.84133333333333,1.499999991272996,47253.361,1.4461924696988846,False
5402,3.94266666666667,1.499999992253272,47253.264,1.2476203469295823,False
5451,4.063,1.4999999958064976,47253.175,1.156953975760037,False
5457,4.057,1.500000000126182,47252.97,0.9264570744080112,False
5460,4.069,1.5000000050525903,47252.811,0.7412933586384355,False
5463,4.088,1.5000000063583911,47252.7545,0.6981949075559399,False
5467,4.08033333333333,1.500000000338948,47252.6935,0.677763049269315,False
5470,4.1105,1.4999999927583396,47252.686,0.5810309701693305,False
5472,4.131,1.499999997754384,47252.711500000005,0.5896506603914045,False
5473,4.146,1.4999999959241754,47252.692500000005,0.6531809697651707,False
5478,4.13225,1.500000002253503,47252.751,0.7055376066391648,False
5479,4.155,1.5000000007189864,47252.808000000005,0.7417919285980278,False
5481,4.198,1.5000000067102424,47252.815,0.7417036260199221,False
5483,4.171,1.5000000068108497,47252.915,0.6756193343591664,False
5489,4.177,1.4999999952949732,47252.9195,0.5999576091245228,False
5495,4.192,1.499999998452183,47252.8985,0.5970487183893104,False
5499,4.16466666666667,1.5000000013676942,47252.816,0.5963745621586982,False
5508,4.125,1.4999999960585757,47252.6255,0.5669915393475062,False
5511,4.109,1.499999994673123,47252.5905,0.44855061081275643,False
5516,4.072,1.5000000024685316,47252.5015,0.3042506116257219,False
5518,4.1085,1.4999999931058248,47252.554,0.1728604494974043,False
5524,4.099,1.499999995106437,47252.43,0.13527751334938293,False
5531,4.078,1.49999999913848,47252.448,0.1767797255059943,False
5631,4.03933333333333,1.4999999962341717,47251.655,0.17997220336240838,False
5698,3.95433333333333,1.5000000008350731,47251.6415,0.1471253420797673,False
5719,3.95044444444444,1.4999999915635076,47251.5405,0.14620325937984965,False
5725,3.99133333333333,1.5000000078245856,47251.6115,0.15164269825167626,False
5735,4.0825,1.5000000052168991,47251.5465,0.17271305211701707,False
5740,4.12216666666667,1.4999999923852183,47251.5415,0.17271305211701707,False
5751,4.208,1.5000000052638105,47251.3675,0.18963318476483845,False
5753,4.266,1.5000000001974116,47251.341,0.1759055299780768,False
5755,4.229,1.5000000019684323,47251.4185,0.22570818456043565,False
5758,4.223,1.499999998424987,47251.364,0.2790225647908893,False
5762,4.245,1.4999999903559178,47251.3675,0.3457453520257153,False
5834,4.282,1.5000000022468798,47251.0115,0.34063738745638195,False
5838,4.26,1.500000003388494,47250.917,0.33648716624350816,False
5840,4.275,1.4999999962832016,47250.93,0.3776701306130844,False
5842,4.306,1.4999999954871917,47250.906,0.4613130504957317,False
5843,4.297,1.500000000638163,47250.9445,0.5092002183651713,False
5844,4.312,1.5000000032812333,47250.9875,0.5168621652214942,False
5845,4.343,1.49999999973677,47251.06,0.45716282927821233,False
5846,4.328,1.5000000064576386,47251.061,0.41693760826509574,False
5852,4.319,1.499999999994826,47251.0185,0.39746349333028475,False
5859,4.334,1.4999999981367138,47250.9675,0.37000818374747013,False
5941,4.30066666666667,1.4999999969812314,47250.472,0.4128924559357269,False
5944,4.359,1.5000000023820064,47250.446500000005,0.3948004010372069,False
5959,4.283,1.500000003196415,47250.5215,0.33866835601715617,False
5974,4.248,1.4999999996357694,47250.2,0.363676513309591,False
6028,4.13483333333333,1.4999999982000098,47249.823,0.43347066300034953,False
6039,4.20633333333333,1.4999999943449127,47249.911,0.44077806063527725,False
6057,4.374,1.5000000075699214,47249.4385,0.5746715029203834,False
6094,4.1565,1.500000003426368,47249.2845,0.6567823404059445,False
6183,4.047,1.4999999918535127,47249.0975,0.8870892279410002,False
6198,4.03533333333333,1.4999999968078284,47249.0365,0.9458678782988722,False
6209,4.08825,1.500000007967382,47248.837,1.1210970700415623,False
6211,4.097,1.4999999945108284,47248.8245,1.3619412794025736,False
6234,4.15966666666667,1.499999997815169,47248.637,1.6722083746598084,False
6237,4.18416666666667,1.5000000084085754,47248.6385,1.6749853860677295,False
6253,4.182,1.4999999988137278,47248.424,1.7848151187598045,False
6282,4.093,1.500000007857608,47249.104,1.6953336523418938,False
6329,4.26675,1.499999993810062,47247.943,2.044278680743062,False
6346,4.33433333333333,1.4999999947427645,47248.23,2.5225277425829082,False
6412,4.14975,1.4999999962779609,47248.085,3.3306345874587744,False
6414,4.159,1.5000000030027494,47248.345,4.190064389272926,False
6426,4.32675,1.5000000048647188,47249.05,5.13418674172192,False
6434,4.411,1.500000003383234,47249.482,5.75384209901642,False
6582,4.13716666666667,1.500000002601591,47246.0195,6.757807517264452,False
6670,3.74016666666667,1.5000000039685186,47245.6255,7.605812311828455,False
6715,3.54133333333333,1.4999999981340373,47245.0815,8.575871529772845,False
6762,3.432,1.5000000035324403,47245.4135,9.112862077142495,False
6827,3.22875,1.4999999940181423,47244.9515,9.406939827570561,False
6837,3.23425,1.5000000001026763,47245.1665,9.69160494153411,False
6861,3.22838888888889,1.4999999932051369,47244.8145,10.059909946472917,False
6867,3.18683333333333,1.5000000058887435,47244.698,10.210230413034326,False
6870,3.15866666666667,1.4999999993713589,47244.7215,10.742946679643616,False
6928,2.92933333333333,1.499999995613428,47244.007,11.164761583820017,False
7025,2.701,1.499999996873005,47243.17,11.794132824911024,False
7077,2.6635,1.4999999949390022,47243.1435,12.399857763901942,False
7192,2.633,1.5000000021458832,47241.9565,12.954549585076805,False
7194,2.64925,1.499999999481254,47242.014500000005,13.694987621204241,False
7213,2.795,1.499999999957774,47241.6685,14.08245149505286,False
7224,2.84716666666667,1.5000000026315254,47241.628,14.21390639266696,False
7326,3.0445,1.499999995547909,47241.8645,14.423624070361623,False
7402,2.7455,1.5000000087863667,47241.188,14.42141455301623,False
7435,2.685875,1.500000001548868,47241.2595,14.480467463072747,False
7436,2.69791666666667,1.499999997663478,47241.279,14.436291192220121,False
7441,2.66152777777778,1.5000000075188262,47241.3535,14.38128450601904,False
7442,2.66008333333333,1.500000002457398,47241.448,14.411808726321532,False
7444,2.6845,1.4999999965416932,47241.251,14.207628077711458,False
7445,2.6505,1.5000000068508903,47241.3135,14.126274689322251,False
7446,2.63983333333333,1.5000000004405618,47241.3155,14.058320482118667,False
7447,2.63566666666667,1.500000001839384,47241.232,14.025869561998459,False
7448,2.59775,1.5000000003866405,47241.2395,13.966366862063259,False
7449,2.63583333333333,1.4999999965884352,47241.322,13.86867486815291,False
7451,2.58008333333333,1.5000000024293263,47241.283,13.8212459672426,False
7452,2.56470833333333,1.4999999948981906,47241.2035,13.74340155016543,False
7480,2.611,1.5000000060748826,47241.422,13.612336148082974,False
7486,2.61325,1.5000000045327553,47241.3055,13.532924066979966,False
7490,2.57929166666667,1.4999999979152558,47241.095,13.325550513535143,False
7492,2.61925,1.4999999970504052,47241.074,13.132282082313509,False
7496,2.63829166666667,1.5000000024874167,47241.0035,12.85070122849686,False
7498,2.62375,1.4999999982565384,47240.986,12.599788123410619,False
7548,2.56183333333333,1.5000000002700071,47241.5175,12.260769913446401,False
7560,2.5795,1.4999999964695172,47241.359,11.795535289763443,False
7562,2.58533333333333,1.499999998097117,47241.351,11.379794166118671,False
7582,2.713,1.4999999991346336,47241.3755,10.99793295963392,False
7598,2.73,1.4999999945304834,47241.742,10.639024624376491,False
7643,2.61266666666667,1.49999999725788,47241.8195,10.430738151505413,False
7656,2.56833333333333,1.499999999776087,47241.711500000005,10.151760982627609,False
7665,2.556,1.499999995433889,47241.6805,9.874325621439928,False
7676,2.50383333333333,1.5000000067125727,47241.6085,9.625202458162128,False
7691,2.54283333333333,1.499999994537026,47241.6255,9.466641282955177,False
7731,2.686,1.5000000027687064,47241.715,9.354626867384763,False
7769,2.69216666666667,1.5000000038005814,47241.880000000005,9.141583331282572,False
7813,2.73925,1.5000000007617127,47241.8195,8.892918191458422,False
7823,2.777,1.500000001762454,47241.7525,8.620030385990475,False
7833,2.7325,1.4999999993278994,47242.029,8.338394200307714,False
7835,2.77425,1.499999997507628,47242.2185,8.079149629955404,False
7839,2.7895,1.499999999088968,47242.3295,7.896384274296937,False
7841,2.79741666666667,1.5000000025001696,47242.2665,7.775982506302002,False
7843,2.81058333333333,1.4999999990944095,47242.266,7.666179053381064,False
7848,2.797,1.5000000064062045,47242.345,7.3783951821840805,False
7850,2.81033333333333,1.5000000001181286,47242.29,8.977799325640227,False
7863,2.88825,1.4999999982492311,47241.7725,8.993514940007836,False
7875,2.86283333333333,1.5000000059985346,47241.6195,9.062300087970648,False
7981,3.0165,1.500000001718487,47243.215500000006,9.229258155612104,False
8033,2.9615,1.5000000028946343,47230.2475,9.409352134465605,False
8077,3.04733333333333,1.4999999967088178,47241.8805,9.610338565145502,False
8143,2.84233333333333,1.4999999976594574,47241.5845,9.792042735576992,False
8202,3.02916666666667,1.5000000032175986,47241.0875,9.930936112654228,False
8228,3.05416666666667,1.4999999988224089,47241.174,10.347570154895713,False
8246,3.0535,1.499999995983328,47241.0725,8.980714761629454,False
8291,3.14825,1.5000000067347214,47240.888000000006,9.275793622733463,False
8422,3.33766666666667,1.5000000060176064,47241.034,9.508473102928113,False
8432,3.24416666666667,1.4999999948174811,47240.816,9.669197691581193,False
8443,3.22579166666667,1.4999999946330342,47241.0885,9.846487571497542,False
8444,3.22958333333333,1.4999999966300084,47241.111,10.018575055449835,False
8446,3.18116666666667,1.499999999903401,47241.246,10.257771904901347,False
8447,3.225875,1.4999999947663964,47241.357,10.57239800110266,False
8450,3.23041666666667,1.4999999985342367,47241.3625,10.916985079365748,False
8460,3.19783333333333,1.4999999998537048,47241.227,11.201414983662875,False
8471,3.1995,1.4999999977433032,47241.031,11.4647256088926,False
8520,3.16725,1.499999992255303,47240.8915,11.768609305213952,False
8524,3.22,1.4999999967818831,47240.848,12.100434621206789,False
8534,3.2355,1.500000003790497,47241.0895,12.54786252442172,False
8544,3.2715,1.500000000988559,47241.207,12.993157916073946,False
8552,3.232,1.5000000015433843,47241.1805,13.328403574070352,False
8614,3.32266666666667,1.4999999975702825,47240.97749999999,13.662387438931596,False
8647,3.57475,1.4999999931968775,47240.6495,13.894161304029504,False
8694,3.66175,1.5000000014132773,47240.724,14.167352789303948,False
8698,3.6615,1.5000000076303073,47240.734,14.405212145813815,False
8809,3.73585648148148,1.500000001149547,47240.722,14.637654292718537,False
8814,3.74841666666667,1.5000000000319802,47240.8165,14.911076028609465,False
8815,3.74047222222222,1.5000000067025836,47240.8055,15.058127675326444,False
8817,3.72986111111111,1.4999999935096018,47240.864,15.244359384419873,False
8826,3.70066666666667,1.499999996351903,47240.8035,15.454140724648049,False
8881,3.84033333333333,1.4999999984368972,47240.4415,15.554650999936074,False
8924,3.78375,1.499999999437831,47240.4695,15.654645996322387,False
8928,3.791,1.4999999971951723,47240.376,15.70053442748047,False
8940,3.92363888888889,1.4999999942980982,47240.259000000005,15.798952720562742,False
8954,4.03666666666667,1.4999999998004732,47240.4985,15.879991996972485,False
8958,4.03183333333333,1.4999999999511842,47240.571,16.084630431100184,False
8994,3.738,1.499999997449,47240.6065,16.303978622865145,False
8997,3.80922222222222,1.4999999964440591,47240.624,16.50845995107799,False
9004,3.73083333333333,1.5000000022306816,47240.6385,16.676531811745757,False
9013,3.81283333333333,1.4999999991535662,47240.688,16.81070715648997,False
9029,3.84733333333333,1.5000000032811227,47240.65700000001,17.08513800564553,False
9049,3.97516666666667,1.50000000170047,47240.486,17.75504385777734,False
9199,4.02783333333333,1.50000000249644,47240.4975,18.31012430590936,False
9222,4.21,1.4999999984662091,47240.8375,18.892370720792442,False
9234,4.17983333333333,1.499999999427859,47240.973,19.374974848128552,True
9243,4.19066666666667,1.5000000083461418,47240.767,19.88084506753581,True
9326,4.03075,1.4999999979909675,47241.2595,20.503426796664993,True
9332,4.042,1.499999996479468,47241.2675,21.328817560991688,True
9337,4.08566666666667,1.5000000017417647,47241.1345,22.220334309343418,True
9370,3.9865,1.4999999953888266,47241.6545,23.097086713307213,True
9383,3.89233333333333,1.499999999249146,47241.762,23.66969070223051,True
9406,3.72025,1.5000000049062914,47241.324,24.21960256965474,True
9412,3.69025,1.4999999959374255,47241.5315,24.794900977914793,True
9415,3.6703125,1.5000000054547578,47241.65,25.281964123344846,True
9416,3.63083333333333,1.499999998127855,47241.563,25.86495032548491,True
9418,3.6885,1.4999999925354417,47241.7785,26.145056072782793,True
9440,3.7275,1.49999999543192,47241.671,26.40452918487454,True
9466,3.74275,1.4999999992088695,47241.6875,26.54450275561542,True
9481,3.6365,1.5000000067912365,47241.92,26.390570871467897,True
9532,3.37033333333333,1.499999992411803,47242.2015,25.877910279165764,True
9545,3.44863888888889,1.5000000048571442,47241.84299999999,25.452855743919937,True
9557,3.49616666666667,1.5000000037552894,47242.131,24.91225779784771,True
9558,3.537,1.5000000036349164,47242.06050000001,24.435860207661797,True
9603,3.37533333333333,1.5000000077518756,47242.75,23.810878365179942,True
9613,3.29583333333333,1.5000000062721703,47242.7735,23.508106957581035,True
9673,3.53233333333333,1.5000000007189316,47242.854,22.814380720858722,True
9681,3.581,1.5000000059462375,47242.6715,22.273039433509325,True
9763,3.5565,1.5000000023122697,47242.7825,21.581006362949346,True
9767,3.58125,1.5000000064546046,47242.8075,21.339659816798516,True
9786,3.671,1.4999999994560942,47243.2315,21.170258866892656,True
9787,3.673,1.5000000013848307,47243.2145,21.017494922439905,True
9898,3.73016666666667,1.4999999945155948,47243.8875,20.823269424637846,True
9948,3.55533333333333,1.4999999940214404,47243.888,20.411827990492206,True
9958,3.62283333333333,1.5000000007855012,47243.8485,19.84479310543442,True
9981,3.72611111111111,1.5000000087747454,47243.9405,19.283955548677795,True
9991,3.73616666666667,1.4999999993144508,47243.863,18.8184379666815,False
10106,3.87416666666667,1.4999999987712758,47244.3035,18.881735113889523,False
10233,3.6845,1.5000000022562157,47244.2555,18.597341697204413,False
10265,3.77466666666667,1.5000000065123944,47244.6845,18.138036003120718,False
10339,3.73033333333333,1.500000002802599,47244.767,17.628271444136516,False
10344,3.76066666666667,1.5000000019896105,47244.6565,16.612996985482845,False
10359,3.73383333333333,1.5000000027904272,47244.998,16.117197343405913,False
10408,3.6175,1.4999999953105168,47245.178,14.692460456938225,False
10411,3.592875,1.4999999986966233,47245.3365,13.807937982457208,False
10438,3.77233333333333,1.4999999951086145,47246.0695,13.501515216360893,False
10540,3.9405,1.5000000013328074,47245.684,12.018602179379,False
10631,4.0445,1.4999999985847288,47247.121,10.233845412304623,False
10640,4.127,1.4999999995167967,47246.857,8.527490243865534,False
10651,4.196,1.49999999613115,47246.485,6.888812575181264,False
10692,4.29325,1.5000000031108531,47248.026,5.713070463130351,False
10729,4.30133333333333,1.499999997795621,47249.245,4.220455728395397,False
10751,4.381,1.4999999970537072,47249.2745,3.604945997356352,False
10789,4.448,1.5000000045472723,47249.2485,2.6890240998740427,False
10790,4.439,1.499999993715324,47249.249500000005,1.0733110559006174,False
10793,4.417,1.4999999925715553,47249.201,0.45109712136171015,False
10798,4.494,1.4999999967715063,47249.17,0.34670309540075717,False
10801,4.454,1.5000000022881077,47249.228,0.27998030816593134,False
10806,4.479,1.4999999981979495,47249.216,0.2611446888005449,False
10808,4.47,1.4999999953303054,47249.240000000005,0.20719181300066664,False
10809,4.485,1.4999999997918252,47249.1605,0.23368937921773028,False
10814,4.516,1.4999999977646488,47249.26,0.23688185707879,False
10816,4.537,1.5000000006293102,47249.151,0.2445438039397586,False
10817,4.574,1.5000000077885116,47249.240000000005,0.3074356177441002,False
10820,4.568,1.499999991327392,47249.153000000006,0.33329468839173937,False
10824,4.59,1.5000000008967669,47249.235,0.38628982083980357,False
10826,4.614,1.5000000008973708,47249.1745,0.49802654587469003,False
10855,4.636,1.499999997645726,47249.369000000006,0.6589274299225109,False
10862,4.642,1.5000000024174087,47249.3295,0.7039413677225714,False
10872,4.657,1.5000000011685035,47249.126,0.7285234472313614,False
10890,4.651,1.5000000052956095,47249.041,0.7518285355920109,False
10919,4.65833333333333,1.499999999042933,47249.5945,0.823978535187851,False
10944,4.71683333333333,1.4999999968748547,47249.370500000005,0.9481659238613587,False
10965,4.74083333333333,1.5000000016074029,47249.435,0.9966915873048685,False
10996,4.778,1.4999999987744284,47249.288,0.9567856140741413,False
10999,4.793,1.500000003450589,47249.1905,0.8651614995434903,False
11077,4.839,1.4999999998366365,47249.689,0.7802415885173483,False
11080,4.861,1.4999999990838804,47249.592,0.7760913672951831,False
11084,4.959,1.4999999955644132,47249.535,0.7368238896431719,False
11085,4.938,1.4999999999984104,47249.5645,0.7681101726518251,False
11090,4.975,1.50000000220037,47249.689,0.6822325182599321,False
11116,4.913,1.4999999999651996,47249.611,0.5379325190775432,False
11124,4.898,1.50000000205116,47249.489,0.6270026513165591,False
11130,4.855,1.4999999955987884,47249.474,0.9005980037510803,False
11145,4.79283333333333,1.4999999960702233,47249.548,1.1524845067554819,False
11154,4.79266666666667,1.5000000018253148,47249.502,1.0330858348642724,False
11164,4.901,1.4999999977277303,47249.3145,0.9845601714254085,False
11169,4.88266666666667,1.500000000296017,47249.1995,0.9468889326992813,False
11174,4.944,1.4999999989887167,47249.219,0.9673207909951975,False
11197,4.965,1.4999999944929356,47249.9615,1.1492920289083592,False
11269,4.81966666666667,1.5000000022986626,47250.0345,1.2003716746342128,False
11302,4.84483333333333,1.5000000055017149,47250.1405,1.2993384882387973,False
11379,4.91733333333333,1.5000000087768328,47250.6295,1.0662876045951364,False
11461,5.079,1.500000000135447,47250.9585,0.7968424733734889,False
11463,5.073,1.5000000054079754,47251.089,0.9452926937780428,False
11500,5.12133333333333,1.499999997514288,47250.507,0.9842409236476646,False
11519,5.12983333333333,1.5000000030679983,47250.91650000001,1.0905504363261826,False
11523,5.17145833333333,1.4999999987984995,47251.041,1.067883843530312,False
11544,5.07433333333333,1.500000003681449,47251.457,0.8833586233348065,False
11555,5.058,1.4999999946744689,47251.391,0.847283623543855,False
11574,5.10283333333333,1.4999999999910094,47251.2245,0.559002872956821,False
11582,5.13583333333333,1.4999999960095087,47251.33,0.5162236696613606,False
11594,5.199,1.499999997407106,47251.417,0.5596413685308913,False
11599,5.221,1.500000002414181,47251.618,0.44790464349135906,False
11608,5.27783333333333,1.4999999988204558,47251.554,0.4089564136217373,False
11611,5.267,1.500000008634241,47251.6415,0.3026469009432193,False
11612,5.289,1.5000000001785898,47251.502,0.24709778621281117,False
11615,5.27383333333333,1.499999995969928,47251.584,0.2496517684998007,False
11623,5.23,1.500000003628706,47251.7535,0.2036800873432805,False
11626,5.205,1.5000000012401395,47251.7825,0.21453451206066312,False
11639,5.15183333333333,1.4999999992555206,47251.908,0.1886754414130241,False
11649,5.09383333333333,1.500000005132086,47252.002,0.14238451246946873,False
11656,5.15625,1.5000000083056475,47251.958,0.13344557446965105,False
11709,5.329,1.5000000043342945,47252.349,0.13344557446965105,False
11711,5.32,1.5000000046240085,47252.332,0.13344557446965105,False
11715,5.29583333333333,1.499999996763378,47252.3925,0.1778210166956414,False
11716,5.32416666666667,1.500000000998687,47252.349,0.20591482184788054,False
11736,5.316,1.500000002235619,47252.450500000006,0.1778210166956414,False
11738,5.3035,1.5000000005901664,47252.499,0.22315420227809138,False
11805,5.32316666666667,1.5000000082255749,47253.195,0.22443119342158616,False
11810,5.341,1.5000000051936604,47253.283,0.1966566360563821,False
11814,5.357,1.5000000071814898,47253.256,0.18803694583895383,False
11819,5.35,1.4999999996964437,47253.352,0.21006504306075433,False
11825,5.387,1.4999999943998077,47253.264,0.22028097220406673,False
11828,5.366,1.4999999996952365,47253.3315,0.35149181217376413,False
11848,5.409,1.4999999909898063,47253.382,0.2953042018692858,False
11861,5.455,1.4999999967974431,47253.4005,0.2953042018692858,False
11866,5.434,1.500000000098988,47253.366,0.24358606056936194,False
11885,5.464,1.4999999947817824,47253.1255,0.23592411370839342,False
11912,5.449,1.5000000040547767,47253.429,0.2735953524298748,False
11914,5.477,1.5000000014309427,47253.4575,0.3457453520257149,False
11916,5.517,1.5000000019494784,47253.532,0.32371725480391444,False
11928,5.507,1.499999998400163,47253.525,0.35053406880801313,False
11929,5.50608333333333,1.5000000012598902,47253.628,0.20974579526442783,False
11930,5.538,1.4999999975865037,47253.7165,0.26689114893001153,False
11931,5.569,1.5000000068441592,47253.5785,0.2780648214297836,False
11933,5.52266666666667,1.5000000059072995,47253.569,0.28476902492964684,False
11934,5.554,1.4999999987457688,47253.5735,0.28029955592973804,False
11935,5.575,1.4999999989556476,47253.62699999999,0.24262831720825664,False
11937,5.53616666666667,1.500000001151147,47253.7605,0.15132345046464077,False
11940,5.56,1.4999999991449349,47253.743,0.21006504305146295,False
11948,5.529,1.500000000749658,47253.8545,0.20878805191725952,False
11951,5.584,1.4999999910349764,47253.9505,0.26848738786518705,False
11961,5.591,1.5000000034075849,47253.978,0.21996172441703166,False
11962,5.612,1.4999999931408208,47254.1115,0.23177389250016528,False
11963,5.606,1.499999997560696,47254.1675,0.2668911489393028,False
11969,5.597,1.4999999992810285,47254.0195,0.33074070610474976,False
11989,5.637,1.4999999973014282,47254.185,0.3358486706787288,False
11992,5.652,1.500000001435999,47254.221000000005,0.3444683608961571,False
12000,5.61516666666667,1.500000002798575,47254.2935,0.41374513042261823,False
12013,5.628,1.499999994763286,47254.372,0.4048061924181548,False
12017,5.621,1.500000003192382,47254.272,0.31797079467444783,False
12018,5.589,1.5000000008516483,47254.28,0.3345716795352341,False
12027,5.643,1.500000002647625,47254.1715,0.3115858389523283,False
12042,5.665,1.499999997470054,47254.4345,0.3096703522440547,False
12043,5.68,1.4999999962748674,47254.3925,0.24582079507860774,False
12045,5.732,1.4999999983007202,47254.474,0.2407128305046287,False
12047,5.658,1.4999999983066263,47254.439,0.2442245561434322,False
12049,5.689,1.5000000052342268,47254.4045,0.15738915839972514,False
12053,5.6625,1.5000000051677218,47254.5085,0.13153008775208608,False
12055,5.705,1.5000000009686711,47254.548,0.14493849475645826,False
12056,5.65683333333333,1.499999999528007,47254.5805,0.15291968940446196,False
12057,5.674,1.5000000013297654,47254.645,0.15291968940446196,False
12058,5.748,1.499999995264649,47254.5945,0.10854424717382595,False
12060,5.72,1.499999999287552,47254.5615,0.10854424717382595,False
12064,5.711,1.499999999193132,47254.59299999999,0.10854424717382595,False
12070,5.726,1.4999999972015905,47254.656,0.13631880454367568,False
12185,5.571,1.500000001373692,47256.15,0.1350418134001809,False
12203,5.47716666666667,1.49999999709388,47256.1595,0.13408407003907558,False
12239,5.23925,1.4999999970214386,47256.7655,0.21613075099583867,False
12306,5.042,1.5000000040780983,47257.1825,0.23464712257418993,False
12307,5.027,1.5000000025174365,47257.12,0.2413513260740532,False
12337,4.73633333333333,1.5000000022077578,47257.3485,0.2860460160870787,False
12395,4.77233333333333,1.500000004321005,47258.042,0.2860460160870787,False
12455,4.6245,1.4999999966180624,47257.8805,0.2860460160870787,False
12472,4.547,1.4999999921578628,47257.961500000005,0.24773628179152704,False
12479,4.553,1.4999999954502583,47257.972,0.3939517676914808,False
12547,4.402,1.4999999975378298,47258.9035,0.5350592890174556,False
12634,4.184,1.4999999981526175,47259.5425,0.437688714343401,False
12682,3.93333333333333,1.5000000052467195,47259.6485,0.46131305049108573,False
12728,3.97075,1.4999999978054084,47259.94,0.7023451287781045,False
12762,3.69333333333333,1.4999999973198774,47260.034,0.6576504387650791,False
12834,3.17633333333333,1.50000000433537,47259.813,0.6576504387650791,False
12841,3.12883333333333,1.5000000034887664,47259.822,0.6576504387650791,False
12844,3.15875,1.500000007572556,47259.646,0.6560541998345492,False
12903,2.8165,1.499999994921929,47260.85,0.4699327407085138,False
12984,2.338,1.499999992273162,47262.2815,0.3288252193825391,False
13023,2.205,1.4999999950968508,47263.5685,0.32307875923913554,False
13076,1.9365,1.5000000005017025,47264.9605,0.24773628178688137,False
13083,1.916,1.4999999988007051,47264.994,0.0,False
13125,1.87205555555556,1.5000000002040086,47265.874500000005,0.004788716786943164,False
13127,1.87883333333333,1.500000004345266,47265.878,0.056826105873902105,False
13147,1.90625,1.5000000008049363,47265.973,0.056826105873902105,False
13178,1.99109259259259,1.5000000017329127,47266.28,0.113652211747805,False
13187,2.02233333333333,1.4999999912334088,47266.4565,0.113652211747805,False
13188,2.00038888888889,1.5000000016179238,47266.538,0.113652211747805,False
13190,1.98083333333333,1.49999999543352,47266.4865,0.113652211747805,False
13240,2.00455555555556,1.4999999993154012,47266.449,0.12386814089111746,False
13246,2.05133333333333,1.499999998520407,47266.6645,0.13408407003442993,False
13248,2.04566666666667,1.499999999255179,47266.815,0.12929535324748598,False
13263,2.21066666666667,1.4999999952028042,47267.068,0.08396216766503596,False
13264,2.22416666666667,1.500000000269082,47267.157,0.09066637116954489,False
13268,2.24433333333333,1.5000000003982814,47267.141,0.033840265295642,False
13342,2.49230555555556,1.499999998292817,47267.7395,0.05171814129992305,False
13344,2.48477777777778,1.500000000292421,47267.768500000006,0.0695960173042041,False
13350,2.57716666666667,1.4999999982039247,47267.758,0.09513584016945373,False
13359,2.66933333333333,1.4999999946046347,47267.8925,0.11045973389139091,False
13399,2.83,1.499999999598754,47268.72,0.10024380474807845,False
13401,2.78679166666667,1.4999999950348026,47268.692,0.10024380474807845,False
13403,2.80033333333333,1.4999999946466422,47268.87,0.09353960124356953,False
13409,2.79116666666667,1.499999997310298,47268.83,0.0868353977390606,False
13442,3.091,1.4999999922343936,47268.94,0.0868353977390606,False
13493,3.39475,1.500000000080344,47269.231,0.06895752173477954,False
13503,3.4115,1.4999999999786302,47269.657,0.05107964573049849,False
13509,3.40775,1.499999994591256,47269.755000000005,0.025539822865248852,False
13570,3.684,1.5000000004533105,47270.1345,0.0,False
13917,4.75975,1.500000004383286,47275.307,0.03192477858272268,False
13925,4.7515,1.500000003661805,47275.3505,0.03192477858272268,False
13968,4.709,1.499999996996619,47276.8015,0.06384955716544614,False
14024,5.1665,1.5000000004439995,47277.2815,0.06384955716544614,False
14072,4.83633333333333,1.5000000030661396,47278.0405,0.06384955716544614,False
14075,4.90616666666667,1.500000005744575,47278.011,0.06384955716544614,False
14078,4.87483333333333,1.4999999970813345,47277.9905,0.06384955716544614,False
14081,4.90833333333333,1.5000000030749476,47278.0585,0.06384955716544614,False
14084,4.91783333333333,1.499999993889727,47278.0635,0.06384955716544614,False
14091,5.0785,1.5000000003599816,47278.1215,0.08619690216963605,False
14101,5.13733333333333,1.4999999992799498,47278.358,0.08619690216963605,False
14125,5.40533333333333,1.5000000017822317,47278.66,0.10854424717382594,False
14168,5.16983333333333,1.4999999974361242,47279.3715,0.10854424717382594,False
14174,5.157875,1.499999990631782,47279.498,0.10854424717382594,False
14176,5.21175,1.500000000164135,47279.4375,0.21357676870420347,False
14178,5.19183333333333,1.5000000039304775,47279.413,0.3581960156782731,False
14199,5.332,1.4999999977147382,47279.8975,0.43353849312588155,False
14203,5.3425,1.5000000017195425,47279.923,0.5031345104300864,False
14330,5.695,1.5000000018131996,47281.449,0.46163229827812075,False
14333,5.71866666666667,1.499999999683413,47281.527,0.48366039549992124,False
14334,5.757,1.500000003248907,47281.42,0.42938827191300777,False
14336,5.742,1.4999999996933098,47281.4565,0.44375442227383965,False
14343,5.763,1.49999999547717,47281.44,0.5085617227911006,False
14344,5.772,1.500000006002559,47281.4565,0.5031345104347321,False
14345,5.779,1.4999999957894097,47281.4355,0.38054336068246297,False
14347,5.785,1.4999999944927522,47281.4625,0.0,False
14349,5.8,1.4999999958268606,47281.3475,0.0,False
14353,5.809,1.500000000282569,47281.3005,0.0,False
14355,5.75666666666667,1.500000001264684,47281.422,0.0,False
14358,5.794,1.499999990763558,47281.302,0.0,False
14371,5.76675,1.5000000067598038,47281.2845,0.0,False
14380,5.78925,1.5000000006680614,47281.556500000006,0.0,False
14404,5.825,1.5000000070501696,47282.7505,0.0,False
14405,5.84,1.4999999981811964,47282.748,0.0,False
14407,5.852,1.5000000025571822,47282.835,0.0,False
14408,5.862,1.50000000053184,47282.9605,0.0,False
14410,5.908,1.499999995623766,47282.9595,0.0,False
14411,5.883,1.5000000031642788,47282.845,0.0,False
14412,5.877,1.4999999953968746,47282.8885,0.0,False
14415,5.892,1.5000000058975818,47282.9105,0.0,False
14421,5.914,1.4999999958424046,47282.905,0.0,False
14423,5.951,1.5000000062476104,47282.7755,0.0,False
14427,5.86966666666666,1.49999999508015,47282.7655,0.0,False
14428,5.899,1.5000000082591816,47282.946500000005,0.0,False
14435,5.846,1.5000000073871236,47283.049,0.0,False
14436,5.868,1.5000000023070703,47283.143,0.0,False
14452,5.831,1.4999999980551109,47283.907,0.0,False
14465,5.815,1.5000000048573368,47284.4405,0.0,False
14490,5.8115,1.4999999932867445,47287.42,0.0,False
14499,5.77583333333333,1.4999999984621208,47288.8465,0.0,False
14605,5.593,1.4999999976747445,47287.8395,0.0,False
14617,5.56269444444444,1.499999998138238,47287.7215,0.0,False
14621,5.58783333333333,1.4999999951788434,47287.465500000006,0.0,False
14630,5.60125,1.4999999960985788,47286.8855,0.0,False
14730,5.32516666666667,1.499999998913327,47288.874,0.0,False
14764,5.24483333333333,1.5000000014106565,47289.5875,0.0,False
14774,5.21133333333333,1.5000000066615098,47289.8735,0.0,False
14845,5.087,1.4999999992181314,47291.469,0.0,False
14859,5.04904166666667,1.4999999974343712,47291.72,0.0,False
14869,5.00983333333333,1.5000000004641922,47292.224,0.0,False
14883,5.0825,1.500000003810915,47292.6865,0.0,False
14891,5.07466666666667,1.4999999953740388,47292.6355,0.0,False
14894,5.08694444444444,1.4999999967121809,47292.548,0.0,False
14983,4.75733333333333,1.500000005850537,47294.841,0.0,False
15031,4.6355,1.4999999988635366,47295.646,0.0,False
15044,4.65133333333333,1.4999999984898045,47295.982,0.0,False
15060,4.6855,1.5000000012873187,47295.751,0.0,False
15117,4.65166666666667,1.499999997856536,47296.964,0.0,False
15163,4.4095,1.5000000057719605,47298.0625,0.0,False
15165,4.39108333333333,1.4999999994419788,47298.1855,0.0,False
15169,4.3905,1.500000001173727,47298.3285,0.0,False
15228,4.37766666666667,1.4999999921376097,47298.9335,0.0,False
15248,4.36322222222222,1.4999999925537264,47299.17,0.0,False
15254,4.3475,1.5000000051370326,47299.34,0.0,False
15293,4.31816666666667,1.5000000060380336,47300.363,0.0,False
15319,4.278,1.500000001039655,47300.8685,0.0,False
15341,4.32683333333333,1.4999999957693837,47300.991,0.0,False
15426,4.181,1.4999999979805272,47303.2185,0.0,False
15430,4.16483333333333,1.5000000074606858,47303.3285,0.0,False
15441,4.197,1.499999993460073,47303.9235,0.0,False
15446,4.138,1.5000000048928257,47304.2595,0.0,False
15479,3.96933333333333,1.4999999963969108,47304.7145,0.0,False
15503,3.95466666666667,1.5000000007359022,47305.8405,0.0,False
15517,3.97045833333333,1.500000004093376,47306.16,0.0,False
15521,3.94541666666667,1.5000000069483503,47306.3005,0.0,False
15737,3.53266666666667,1.4999999990237851,47312.153000000006,0.0,False
15796,3.30233333333333,1.4999999995061009,47313.696,0.0,False
15888,2.99983333333333,1.4999999956946486,47316.64,0.0,False
15964,2.6485,1.5000000014784256,47319.915,0.0,False
15973,2.64675,1.4999999991426656,47320.252,0.0,False
16056,2.70066666666667,1.499999995945268,47322.6005,0.0,False
16131,2.756,1.5000000038821284,47325.213,0.0,False
16144,2.804,1.4999999980305017,47325.7295,0.0,False
16165,2.83766666666667,1.499999998080072,47326.3555,0.0,False
16205,2.83366666666667,1.500000002340888,47327.432,0.0,False
16214,2.81783333333333,1.5000000014339183,47327.6255,0.0,False
16232,2.8155,1.4999999960805492,47328.1295,0.0,False
16233,2.8115,1.5000000030229288,47328.3395,0.0,False
16258,2.90525,1.499999999384105,47329.2435,0.0,False
16259,2.92525,1.5000000003553529,47329.235,0.0,False
16269,2.90033333333333,1.4999999986519377,47329.8655,0.0,False
16301,2.961,1.5000000043862098,47330.7945,0.0,False
16304,2.897,1.5000000010881802,47330.777,0.0,False
16352,2.93233333333333,1.499999998428703,47332.53049999999,0.0,False
16358,2.99233333333333,1.5000000064988968,47332.7395,0.0,False
16359,2.93583333333333,1.4999999927541257,47332.708,0.0,False
16360,3.00777777777778,1.4999999947278602,47332.8045,0.0,False
16500,3.251,1.4999999985424444,47337.6505,0.0,False
16515,3.31066666666667,1.5000000006387637,47337.936,0.0,False
16597,3.411,1.5000000012930876,47341.715,0.0,False
16636,3.398,1.500000000792666,47343.0775,0.0,False
16650,3.4395,1.5000000008299477,47343.4545,0.0,False
16661,3.452,1.500000004549663,47343.855,0.0,False
16671,3.517,1.5000000002502147,47344.4205,0.0,False
16676,3.4815,1.499999999633004,47344.6125,0.0,False
16681,3.54325,1.499999997979264,47344.84,0.0,False
16713,3.544,1.499999992198089,47345.7365,0.0,False
16773,3.69175,1.4999999976116911,47348.2315,0.0,False
16774,3.71025,1.5000000018959272,47348.4165,0.0,False
16790,3.68483333333333,1.4999999966774402,47349.409,0.0,False
16963,3.62766666666667,1.4999999925958134,47356.34,0.0,False
16964,3.62983333333333,1.4999999955085146,47356.3345,0.0,False
16980,3.58,1.5000000052631326,47356.9825,0.0,False
16984,3.589,1.4999999920108182,47357.132,0.0,False
16985,3.54233796296296,1.5000000020724744,47357.156,0.0,False
16986,3.58235185185185,1.5000000037705188,47357.2655,0.0,False
16988,3.57027777777778,1.5000000007938628,47357.2535,0.0,False
16994,3.476,1.5000000076426694,47357.5615,0.0,False
17005,3.47383333333333,1.499999996087139,47358.11,0.0,False
17079,3.68216666666667,1.5000000048344913,47360.692,0.0,False
17244,3.852,1.500000000307476,47367.928,0.0,False
17304,3.80633333333333,1.4999999951998648,47370.7715,0.0,False
17607,3.891,1.5000000039664283,47382.258,0.0,False
17608,3.8945,1.4999999985682162,47382.3225,0.0,False
17668,3.8165,1.4999999985637749,47384.5705,0.0,False
17672,3.91433333333333,1.499999995871983,47384.6225,0.0,False
17678,3.86533333333333,1.4999999975840723,47384.8755,0.0,False
18180,3.84725,1.4999999940577349,47398.9865,0.0,False
18195,3.76438888888889,1.5000000013466843,47399.671,0.0,False
18199,3.74433333333333,1.5000000041822237,47399.753,0.0,False
18234,3.63366666666667,1.4999999909474957,47400.91,0.0,False
18310,3.49783333333333,1.4999999973426572,47402.644,0.0,False
18312,3.52983333333333,1.4999999979110956,47402.5735,0.0,False
18396,3.354,1.5000000022808937,47403.622,0.0,False
18400,3.391,1.499999995071725,47403.761,0.0,False
18616,3.39533333333333,1.5000000051915954,47404.735,0.0,False
18622,3.39833333333333,1.4999999984067818,47404.901,0.0,False
18623,3.42366666666667,1.4999999973927565,47404.8875,0.0,False
18625,3.42015740740741,1.499999998660678,47404.9725,0.0,False
18631,3.44938888888889,1.5000000078178737,47404.979,0.0,False
18642,3.421,1.500000001330796,47405.3205,0.0,False
18746,3.49333333333333,1.499999994907641,47404.669,0.0,False
18752,3.5215,1.499999999051862,47404.901,0.0,False
18780,3.44533333333333,1.5000000026163036,47404.3595,0.0,False
18812,3.57466666666667,1.4999999913481654,47404.014,0.0,False
18826,3.616,1.4999999999480151,47404.2165,0.0,False
18866,3.55283333333333,1.4999999934308748,47403.575,0.0,False
18891,3.47522222222222,1.500000000023722,47403.689,0.0,False
18901,3.43883333333333,1.4999999940031663,47403.33,0.0,False
18924,3.33016666666667,1.4999999961909438,47403.0175,0.0,False
19036,2.90216666666667,1.5000000031680776,47403.2105,0.0,False
19050,2.80383333333333,1.4999999973484914,47403.1685,0.0,False
19057,2.7925,1.5000000003769507,47403.081,0.0,False
19166,2.579,1.5000000020930064,47402.234,0.0,False
19265,2.64333333333333,1.499999997904068,47401.0565,0.0,False
19295,2.71633333333333,1.500000003896238,47400.8075,0.0,False
19309,2.70633333333333,1.500000002522392,47400.811,0.0,False
19333,2.72833333333333,1.5000000039712198,47400.0705,0.0,False
19391,2.76383333333333,1.4999999944414697,47399.230500000005,0.0,False
19406,2.7265,1.4999999960574997,47398.987,0.0,False
19416,2.76416666666667,1.4999999936547768,47398.912500000006,0.0,False
19422,2.84875,1.4999999993357351,47398.6385,0.0,False
19439,2.9695,1.5000000040583987,47398.5705,0.0,False
19452,2.944,1.5000000040298451,47398.293,0.0,False
19512,2.88083333333333,1.5000000030036569,47396.7835,0.0,False
19515,2.93970833333333,1.500000001737497,47396.739,0.0,False
19673,3.569,1.5000000055261955,47394.125,0.0,False
19720,3.56083333333333,1.5000000065481691,47393.1935,0.0,False
19724,3.48433333333333,1.4999999996915847,47393.2845,0.0,False
19789,3.8845,1.5000000016069484,47391.487,0.0,False
19793,3.91583333333333,1.5000000037385908,47391.352,0.0,False
19854,3.99266666666667,1.499999994521385,47389.393,0.0,False
19924,4.38322222222222,1.4999999987947557,47386.936,0.0,False
19925,4.34383333333333,1.5000000053741405,47386.9005,0.0,False
19930,4.39433333333333,1.500000001713343,47386.7695,0.0,False
19967,4.4935,1.5000000032478031,47385.731,0.0,False
20162,4.414,1.500000003622776,47379.6195,0.0,False
20208,4.47275,1.4999999974090144,47378.1405,0.0,False
20216,4.4805,1.5000000039920816,47377.9335,0.0,False
20234,4.47333333333333,1.5000000050201088,47377.2965,0.0,False
20238,4.45905555555556,1.4999999923118474,47377.188,0.0,False
20253,4.43116666666667,1.500000002221814,47376.5905,0.0,False
20257,4.4395,1.5000000081885474,47376.6035,0.0,False
20302,4.43083333333333,1.4999999935756925,47375.0635,0.0,False
20310,4.45616666666667,1.5000000058873106,47374.701,0.0,False
20403,4.57783333333333,1.500000003993723,47371.831000000006,0.0,False
20487,4.65533333333333,1.5000000066588297,47369.206,0.0,False
20568,4.76675,1.499999996959464,47366.7575,0.0,False
20569,4.72333333333333,1.5000000032312644,47366.6375,0.0,False
20578,4.78225,1.5000000030173506,47366.145,0.0,False
20619,4.92033333333333,1.4999999986988983,47364.5795,0.0,False
20623,4.87583333333333,1.5000000049726234,47364.442,0.0,False
20624,4.88272222222222,1.499999994125597,47364.319,0.0,False
20689,4.74816666666667,1.500000002716148,47362.293000000005,0.0,False
20700,4.80916666666667,1.5000000058605345,47362.108,0.0,False
20704,4.83266666666667,1.500000000932514,47361.8945,0.0,False
20711,4.79483333333333,1.4999999967685582,47361.625,0.0,False
20731,4.73083333333333,1.499999995299682,47360.334,0.0,False
20743,4.66375,1.4999999945256628,47360.0785,0.0,False
20804,4.62533333333333,1.5000000029285936,47357.7595,0.0,False
20921,4.61216666666667,1.4999999987296957,47354.31,0.0,False
20990,4.603,1.4999999997244218,47351.692,0.0,False
21201,4.645,1.4999999963519863,47344.2635,0.0,False
21205,4.6805,1.5000000030712417,47344.06,0.0,False
21209,4.71416666666667,1.4999999999016431,47343.9225,0.0,False
21211,4.698,1.5000000056350455,47343.825500000006,0.0,False
21417,4.60383333333334,1.4999999959920505,47336.229,0.0,False
21498,4.7195,1.500000004748441,47332.428,0.0,False
21501,4.708,1.499999998343432,47332.452000000005,0.0,False
21520,4.6985,1.500000002968206,47331.779,0.0,False
21524,4.66416666666667,1.500000002125445,47331.7445,0.0,False
21598,4.63933333333333,1.4999999969460776,47328.8125,0.0,False
21642,4.706,1.4999999928981858,47327.267,0.0,False
21651,4.66633333333333,1.499999999919979,47327.175,0.0,False
21660,4.72125,1.50000000144254,47326.9355,0.0,False
21684,4.79,1.5000000030074652,47325.654,0.0,False
21722,4.88716666666667,1.4999999973266789,47325.5135,0.0,False
21829,5.10716666666667,1.4999999975187552,47322.727,0.0,False
21860,5.23516666666667,1.500000000901576,47322.0735,0.0,False
